age,account_type,transaction_type,merchant_category,amount,balance_before,balance_after,transaction_hour,location,device_type,payment_method,is_international,is_fraud,transaction_id,customer_id
49,Credit,Transfer,Groceries,138.32,11027.18,10888.8603515625,10,New York,POS Terminal,Debit Card,0,0,TXN_100001,CUST_10001
50,Credit,Transfer,Retail,136.57,15642.41,15505.83984375,12,New York,POS Terminal,UPI / Wallet,0,0,TXN_100002,CUST_10002
48,Credit,Transfer,Retail,210.18,14525.9,14315.7197265625,12,New York,POS Terminal,UPI / Wallet,0,0,TXN_100003,CUST_10003
42,Credit,Payment,Groceries,164.58,9117.16,8952.580078125,11,New York,Mobile App,Debit Card,0,0,TXN_100004,CUST_10004
46,Credit,Payment,Groceries,171.11,13059.72,12888.6103515625,13,New York,POS Terminal,Debit Card,0,0,TXN_100005,CUST_10005
53,Credit,Transfer,Retail,107.04,15532.9,15425.8603515625,11,New York,POS Terminal,UPI / Wallet,0,0,TXN_100006,CUST_10006
43,Credit,Transfer,Groceries,141.43,11646.37,11504.9404296875,13,New York,Mobile App,Debit Card,0,0,TXN_100007,CUST_10007
50,Credit,Transfer,Groceries,138.25,12314.25,12176.0,10,New York,POS Terminal,UPI / Wallet,0,0,TXN_100008,CUST_10008
52,Savings,Transfer,Retail,198.28,17746.64,17548.359375,14,Singapore,POS Terminal,UPI / Wallet,0,0,TXN_100009,CUST_10009
45,Credit,Transfer,Groceries,151.72,11159.12,11007.400390625,11,New York,Mobile App,Debit Card,0,0,TXN_100010,CUST_10010
44,Credit,Transfer,Groceries,136.61,11936.29,11799.6796875,11,New York,Mobile App,Debit Card,0,0,TXN_100011,CUST_10011
46,Credit,Payment,Groceries,115.14,13283.29,13168.150390625,14,New York,Mobile App,Debit Card,0,0,TXN_100012,CUST_10012
44,Credit,Transfer,Retail,118.47,12769.98,12651.509765625,10,New York,Mobile App,UPI / Wallet,0,0,TXN_100013,CUST_10013
43,Credit,Transfer,Groceries,135.17,12608.43,12473.259765625,12,New York,POS Terminal,UPI / Wallet,0,0,TXN_100014,CUST_10014
44,Credit,Payment,Groceries,107.05,12621.18,12514.1298828125,12,New York,Mobile App,Debit Card,0,0,TXN_100015,CUST_10015
43,Credit,Payment,Groceries,129.68,9770.69,9641.009765625,11,Mumbai,Mobile App,Debit Card,0,0,TXN_100016,CUST_10016
48,Credit,Transfer,Retail,124.68,15411.59,15286.91015625,11,New York,POS Terminal,UPI / Wallet,0,0,TXN_100017,CUST_10017
43,Credit,Transfer,Groceries,167.02,11100.94,10933.919921875,10,New York,Mobile App,UPI / Wallet,0,0,TXN_100018,CUST_10018
48,Credit,Transfer,Retail,106.7,12590.69,12483.990234375,10,New York,POS Terminal,UPI / Wallet,0,0,TXN_100019,CUST_10019
51,Credit,Transfer,Retail,122.01,15873.54,15751.5302734375,14,New York,POS Terminal,UPI / Wallet,0,0,TXN_100020,CUST_10020
47,Credit,Transfer,Retail,160.19,13144.77,12984.580078125,11,New York,POS Terminal,UPI / Wallet,0,0,TXN_100021,CUST_10021
40,Checking,Payment,Groceries,159.26,9019.9,8860.6396484375,10,New York,Mobile App,Debit Card,0,0,TXN_100022,CUST_10022
47,Credit,Payment,Groceries,137.56,12280.54,12142.98046875,10,New York,POS Terminal,Debit Card,0,0,TXN_100023,CUST_10023
49,Credit,Payment,Retail,100.2,12930.03,12829.830078125,13,New York,POS Terminal,Debit Card,0,0,TXN_100024,CUST_10024
48,Credit,Transfer,Retail,192.54,13333.49,13140.9501953125,12,New York,POS Terminal,UPI / Wallet,0,0,TXN_100025,CUST_10025
43,Credit,Payment,Groceries,171.48,9749.03,9577.5498046875,11,New York,Mobile App,Debit Card,0,0,TXN_100026,CUST_10026
46,Credit,Transfer,Groceries,110.36,10761.01,10650.650390625,11,New York,Mobile App,Debit Card,0,0,TXN_100027,CUST_10027
39,Checking,Payment,Groceries,114.69,8285.49,8320.7998046875,9,Mumbai,Mobile App,Debit Card,0,0,TXN_100028,CUST_10028
51,Credit,Transfer,Retail,165.56,14563.26,14397.7001953125,13,New York,POS Terminal,UPI / Wallet,0,0,TXN_100029,CUST_10029
42,Credit,Payment,Groceries,127.1,10421.5,10294.400390625,10,New York,Mobile App,Debit Card,0,0,TXN_100030,CUST_10030
44,Credit,Payment,Groceries,146.32,10852.56,10706.240234375,10,New York,Mobile App,Debit Card,0,0,TXN_100031,CUST_10031
43,Credit,Payment,Groceries,145.64,11630.65,11485.009765625,10,Mumbai,Mobile App,Debit Card,0,0,TXN_100032,CUST_10032
56,Credit,Transfer,Retail,128.97,15973.35,15844.3798828125,12,New York,POS Terminal,UPI / Wallet,0,0,TXN_100033,CUST_10033
50,Credit,Transfer,Retail,136.41,13147.32,13010.91015625,11,Singapore,POS Terminal,UPI / Wallet,0,0,TXN_100034,CUST_10034
46,Credit,Transfer,Retail,162.07,12119.74,11957.669921875,12,New York,Mobile App,Debit Card,0,0,TXN_100035,CUST_10035
50,Credit,Transfer,Retail,151.96,14041.06,13889.099609375,12,New York,POS Terminal,UPI / Wallet,0,0,TXN_100036,CUST_10036
43,Credit,Payment,Groceries,123.88,9950.7,9826.8203125,11,New York,Mobile App,Debit Card,0,0,TXN_100037,CUST_10037
46,Credit,Transfer,Groceries,85.27,12595.59,12510.3203125,11,New York,POS Terminal,UPI / Wallet,0,0,TXN_100038,CUST_10038
46,Credit,Transfer,Groceries,131.46,11872.12,11740.66015625,11,New York,POS Terminal,Debit Card,0,0,TXN_100039,CUST_10039
47,Credit,Transfer,Retail,180.28,12303.8,12123.51953125,13,New York,POS Terminal,UPI / Wallet,0,0,TXN_100040,CUST_10040
44,Credit,Payment,Groceries,169.57,10669.64,10500.0703125,10,New York,Mobile App,Debit Card,0,0,TXN_100041,CUST_10041
45,Credit,Transfer,Groceries,164.55,12642.23,12477.6796875,11,New York,Mobile App,Debit Card,0,0,TXN_100042,CUST_10042
44,Credit,Payment,Groceries,137.8,11024.52,10886.7197265625,11,New York,Mobile App,Debit Card,0,0,TXN_100043,CUST_10043
45,Credit,Transfer,Retail,173.04,11842.67,11669.6298828125,12,New York,Mobile App,Debit Card,0,0,TXN_100044,CUST_10044
47,Credit,Transfer,Groceries,114.54,13498.39,13383.849609375,12,New York,Mobile App,Debit Card,0,0,TXN_100045,CUST_10045
51,Credit,Transfer,Retail,112.29,13871.59,13759.2998046875,14,New York,POS Terminal,UPI / Wallet,0,0,TXN_100046,CUST_10046
50,Savings,Transfer,Retail,159.35,14461.7,14302.349609375,13,New York,POS Terminal,UPI / Wallet,0,0,TXN_100047,CUST_10047
49,Credit,Transfer,Retail,157.45,12469.92,12312.4697265625,12,New York,POS Terminal,UPI / Wallet,0,0,TXN_100048,CUST_10048
49,Credit,Transfer,Groceries,166.76,13580.74,13413.98046875,11,New York,POS Terminal,UPI / Wallet,0,0,TXN_100049,CUST_10049
46,Credit,Transfer,Groceries,165.54,12877.42,12711.8798828125,11,New York,POS Terminal,Debit Card,0,0,TXN_100050,CUST_10050
48,Credit,Transfer,Retail,142.3,13216.71,13074.41015625,12,New York,POS Terminal,UPI / Wallet,0,0,TXN_100051,CUST_10051
43,Credit,Payment,Groceries,110.56,10435.89,10475.330078125,11,New York,Mobile App,Debit Card,0,0,TXN_100052,CUST_10052
52,Credit,Transfer,Retail,142.9,13667.01,13524.1103515625,12,New York,POS Terminal,UPI / Wallet,0,0,TXN_100053,CUST_10053
45,Credit,Payment,Groceries,140.33,12122.26,11981.9296875,9,New York,Mobile App,UPI / Wallet,0,0,TXN_100054,CUST_10054
43,Credit,Transfer,Groceries,113.39,11977.47,11864.080078125,12,New York,Mobile App,Debit Card,0,0,TXN_100055,CUST_10055
46,Credit,Transfer,Groceries,180.73,13598.78,13418.0498046875,11,New York,POS Terminal,UPI / Wallet,0,0,TXN_100056,CUST_10056
40,Credit,Payment,Groceries,151.65,8381.55,8229.900390625,10,New York,Mobile App,Debit Card,0,0,TXN_100057,CUST_10057
45,Credit,Transfer,Groceries,108.17,12062.48,11954.3095703125,11,New York,Mobile App,Debit Card,0,0,TXN_100058,CUST_10058
48,Credit,Transfer,Retail,143.3,14295.41,14152.1103515625,11,New York,POS Terminal,UPI / Wallet,0,0,TXN_100059,CUST_10059
52,Savings,Transfer,Retail,134.95,17327.78,17192.830078125,12,New York,POS Terminal,UPI / Wallet,0,0,TXN_100060,CUST_10060
49,Credit,Transfer,Retail,130.71,15439.78,15309.0703125,13,New York,POS Terminal,UPI / Wallet,0,0,TXN_100061,CUST_10061
45,Credit,Transfer,Groceries,152.92,12457.13,12304.2099609375,12,New York,POS Terminal,Debit Card,0,0,TXN_100062,CUST_10062
42,Credit,Payment,Groceries,128.89,9999.53,9870.6396484375,10,Mumbai,Mobile App,Debit Card,0,0,TXN_100063,CUST_10063
44,Credit,Payment,Groceries,162.48,10095.71,9933.23046875,12,New York,Mobile App,Debit Card,0,0,TXN_100064,CUST_10064
44,Credit,Payment,Groceries,155.21,12215.09,12059.8798828125,11,New York,Mobile App,Debit Card,0,0,TXN_100065,CUST_10065
49,Credit,Transfer,Retail,143.94,15182.04,15038.099609375,13,Singapore,POS Terminal,UPI / Wallet,0,0,TXN_100066,CUST_10066
44,Checking,Payment,Groceries,90.12,10023.76,9933.6396484375,10,Mumbai,Mobile App,Debit Card,0,0,TXN_100067,CUST_10067
46,Credit,Payment,Groceries,130.05,12464.08,12334.0302734375,12,New York,Mobile App,UPI / Wallet,0,0,TXN_100068,CUST_10068
42,Credit,Transfer,Groceries,162.82,11712.06,11699.240234375,10,New York,Mobile App,Debit Card,0,0,TXN_100069,CUST_10069
46,Credit,Payment,Groceries,104.76,10970.91,10866.150390625,12,New York,POS Terminal,UPI / Wallet,0,0,TXN_100070,CUST_10070
44,Credit,Payment,Groceries,187.09,12043.33,11856.240234375,10,New York,Mobile App,Debit Card,0,0,TXN_100071,CUST_10071
41,Credit,Payment,Groceries,166.11,9382.44,9216.330078125,12,Mumbai,Mobile App,Debit Card,0,0,TXN_100072,CUST_10072
44,Credit,Payment,Groceries,117.28,10603.63,10486.349609375,12,New York,Mobile App,Debit Card,0,0,TXN_100073,CUST_10073
50,Credit,Transfer,Retail,162.41,13773.82,13611.41015625,12,New York,POS Terminal,UPI / Wallet,0,0,TXN_100074,CUST_10074
48,Credit,Transfer,Retail,122.7,12735.6,12612.900390625,12,New York,Mobile App,UPI / Wallet,0,0,TXN_100075,CUST_10075
47,Credit,Transfer,Retail,165.91,12026.68,11860.76953125,11,New York,POS Terminal,Debit Card,0,0,TXN_100076,CUST_10076
42,Checking,Payment,Groceries,119.49,10754.35,10634.8603515625,9,Mumbai,Mobile App,Debit Card,0,0,TXN_100077,CUST_10077
52,Credit,Transfer,Retail,104.73,14822.87,14718.1396484375,13,New York,POS Terminal,UPI / Wallet,0,0,TXN_100078,CUST_10078
47,Credit,Transfer,Groceries,153.64,12341.68,12188.0400390625,12,New York,Mobile App,UPI / Wallet,0,0,TXN_100079,CUST_10079
45,Credit,Transfer,Retail,224.13,12745.91,12521.7802734375,13,Singapore,POS Terminal,UPI / Wallet,0,0,TXN_100080,CUST_10080
43,Credit,Transfer,Groceries,149.05,12386.98,12237.9296875,10,New York,POS Terminal,UPI / Wallet,0,0,TXN_100081,CUST_10081
49,Credit,Transfer,Groceries,219.18,11456.89,11237.7099609375,11,New York,Mobile App,Debit Card,0,0,TXN_100082,CUST_10082
47,Credit,Payment,Groceries,187.5,12902.52,12715.01953125,12,New York,POS Terminal,UPI / Wallet,0,0,TXN_100083,CUST_10083
44,Credit,Transfer,Groceries,118.16,11343.76,11225.599609375,11,New York,Mobile App,Debit Card,0,0,TXN_100084,CUST_10084
47,Credit,Transfer,Groceries,154.59,10890.07,10885.48046875,11,New York,Mobile App,UPI / Wallet,0,0,TXN_100085,CUST_10085
47,Credit,Payment,Groceries,176.82,13027.7,12850.8798828125,12,New York,POS Terminal,Debit Card,0,0,TXN_100086,CUST_10086
46,Credit,Transfer,Groceries,174.88,10902.41,10727.5302734375,11,New York,Mobile App,Debit Card,0,0,TXN_100087,CUST_10087
42,Credit,Payment,Groceries,153.37,10477.42,10324.0498046875,11,Mumbai,Mobile App,Debit Card,0,0,TXN_100088,CUST_10088
48,Credit,Transfer,Groceries,104.71,12068.46,11963.75,10,New York,Mobile App,Debit Card,0,0,TXN_100089,CUST_10089
43,Checking,Payment,Groceries,113.71,9743.86,9630.150390625,9,Mumbai,Mobile App,Debit Card,0,0,TXN_100090,CUST_10090
46,Credit,Transfer,Groceries,165.16,10343.72,10178.5595703125,10,New York,Mobile App,UPI / Wallet,0,0,TXN_100091,CUST_10091
51,Credit,Transfer,Retail,102.09,15577.15,15475.0595703125,13,New York,POS Terminal,UPI / Wallet,0,0,TXN_100092,CUST_10092
47,Credit,Transfer,Retail,221.65,14736.49,14514.83984375,12,New York,POS Terminal,UPI / Wallet,0,0,TXN_100093,CUST_10093
43,Checking,Payment,Groceries,97.33,9816.78,9719.4501953125,9,New York,Mobile App,Debit Card,0,0,TXN_100094,CUST_10094
50,Credit,Transfer,Retail,106.74,13861.97,13755.23046875,10,New York,POS Terminal,UPI / Wallet,0,0,TXN_100095,CUST_10095
47,Credit,Transfer,Groceries,164.86,10483.02,10318.16015625,10,New York,Mobile App,UPI / Wallet,0,0,TXN_100096,CUST_10096
45,Credit,Transfer,Groceries,109.61,11645.09,11535.48046875,11,New York,Mobile App,Debit Card,0,0,TXN_100097,CUST_10097
46,Credit,Transfer,Retail,122.48,15031.61,14909.1298828125,10,Singapore,POS Terminal,UPI / Wallet,0,0,TXN_100098,CUST_10098
43,Credit,Payment,Groceries,135.98,11728.34,11592.3603515625,11,New York,Mobile App,Debit Card,0,0,TXN_100099,CUST_10099
48,Credit,Transfer,Retail,116.52,12501.69,12385.169921875,12,New York,POS Terminal,UPI / Wallet,0,0,TXN_100100,CUST_10100
47,Credit,Transfer,Retail,206.88,13073.35,12866.4697265625,12,Singapore,POS Terminal,UPI / Wallet,0,0,TXN_100101,CUST_10101
43,Credit,Payment,Groceries,142.3,11709.46,11567.16015625,10,New York,POS Terminal,Debit Card,0,0,TXN_100102,CUST_10102
43,Credit,Payment,Groceries,162.54,10797.68,10635.1396484375,11,New York,Mobile App,Debit Card,0,0,TXN_100103,CUST_10103
52,Credit,Transfer,Retail,165.11,15135.59,14970.48046875,13,New York,POS Terminal,UPI / Wallet,0,0,TXN_100104,CUST_10104
52,Credit,Transfer,Retail,161.02,14409.17,14248.150390625,14,New York,POS Terminal,UPI / Wallet,0,0,TXN_100105,CUST_10105
45,Credit,Transfer,Groceries,164.24,13539.86,13375.6201171875,12,New York,POS Terminal,UPI / Wallet,0,0,TXN_100106,CUST_10106
47,Credit,Transfer,Groceries,147.56,11842.02,11694.4599609375,11,New York,Mobile App,Debit Card,0,0,TXN_100107,CUST_10107
49,Credit,Transfer,Groceries,94.77,11613.39,11518.6201171875,11,New York,POS Terminal,UPI / Wallet,0,0,TXN_100108,CUST_10108
50,Credit,Transfer,Retail,152.4,13363.57,13211.169921875,13,New York,POS Terminal,UPI / Wallet,0,0,TXN_100109,CUST_10109
39,Checking,Payment,Entertainment,114.49,8342.8,8228.3095703125,9,Mumbai,Mobile App,Debit Card,0,0,TXN_100110,CUST_10110
46,Credit,Transfer,Groceries,181.71,11909.05,11727.33984375,12,New York,POS Terminal,UPI / Wallet,0,0,TXN_100111,CUST_10111
47,Credit,Transfer,Groceries,105.89,12985.04,12879.150390625,11,New York,POS Terminal,UPI / Wallet,0,0,TXN_100112,CUST_10112
47,Credit,Transfer,Groceries,144.8,9688.0,9543.2001953125,11,New York,Mobile App,Debit Card,0,0,TXN_100113,CUST_10113
47,Credit,Transfer,Groceries,138.19,11288.58,11150.3896484375,11,New York,Mobile App,UPI / Wallet,0,0,TXN_100114,CUST_10114
55,Credit,Transfer,Retail,212.68,15925.88,15713.2001953125,13,Singapore,POS Terminal,UPI / Wallet,0,0,TXN_100115,CUST_10115
47,Credit,Payment,Groceries,141.11,12475.7,12334.58984375,12,New York,Mobile App,Debit Card,0,0,TXN_100116,CUST_10116
45,Credit,Payment,Groceries,118.08,10019.52,9901.4404296875,11,New York,Mobile App,Debit Card,0,0,TXN_100117,CUST_10117
44,Credit,Transfer,Retail,181.32,11106.67,10925.349609375,12,New York,POS Terminal,Debit Card,0,0,TXN_100118,CUST_10118
47,Credit,Transfer,Retail,196.61,13189.43,12992.8203125,12,New York,POS Terminal,UPI / Wallet,0,0,TXN_100119,CUST_10119
43,Credit,Payment,Groceries,130.18,9471.62,9341.4404296875,11,Mumbai,Mobile App,Debit Card,0,0,TXN_100120,CUST_10120
42,Credit,Transfer,Groceries,160.08,10992.38,10832.2998046875,11,New York,Mobile App,Debit Card,0,0,TXN_100121,CUST_10121
42,Credit,Transfer,Groceries,137.79,8908.8,8771.009765625,11,New York,POS Terminal,Debit Card,0,0,TXN_100122,CUST_10122
44,Credit,Transfer,Groceries,163.28,12191.12,12027.83984375,10,New York,Mobile App,Debit Card,0,0,TXN_100123,CUST_10123
45,Credit,Transfer,Groceries,168.47,13511.84,13343.3701171875,11,New York,POS Terminal,UPI / Wallet,0,0,TXN_100124,CUST_10124
51,Credit,Transfer,Retail,176.7,13916.46,13889.759765625,12,New York,POS Terminal,UPI / Wallet,0,0,TXN_100125,CUST_10125
48,Credit,Transfer,Retail,178.16,13536.47,13358.3095703125,12,New York,POS Terminal,Debit Card,0,0,TXN_100126,CUST_10126
44,Credit,Transfer,Groceries,145.58,10592.91,10447.330078125,11,New York,Mobile App,Debit Card,0,0,TXN_100127,CUST_10127
42,Credit,Transfer,Retail,181.67,11137.58,10955.91015625,11,New York,POS Terminal,Debit Card,0,0,TXN_100128,CUST_10128
51,Credit,Transfer,Groceries,89.5,15183.68,15094.1796875,11,New York,POS Terminal,UPI / Wallet,0,0,TXN_100129,CUST_10129
47,Credit,Payment,Groceries,152.12,14251.68,14099.5595703125,12,New York,Mobile App,Debit Card,0,0,TXN_100130,CUST_10130
44,Credit,Payment,Groceries,174.3,13104.78,12930.48046875,11,New York,Mobile App,Debit Card,0,0,TXN_100131,CUST_10131
51,Savings,Transfer,Retail,126.03,16712.34,16586.310546875,13,Singapore,POS Terminal,UPI / Wallet,0,0,TXN_100132,CUST_10132
48,Credit,Transfer,Groceries,106.81,13408.01,13301.2001953125,11,New York,Mobile App,UPI / Wallet,0,0,TXN_100133,CUST_10133
43,Credit,Payment,Groceries,162.16,11267.75,11105.58984375,11,New York,Mobile App,Debit Card,0,0,TXN_100134,CUST_10134
45,Credit,Transfer,Groceries,88.48,12006.72,11918.240234375,11,Mumbai,POS Terminal,UPI / Wallet,0,0,TXN_100135,CUST_10135
45,Credit,Transfer,Groceries,169.65,10268.13,10248.48046875,11,New York,POS Terminal,UPI / Wallet,0,0,TXN_100136,CUST_10136
53,Credit,Transfer,Retail,248.63,14632.36,14383.73046875,13,Singapore,POS Terminal,UPI / Wallet,0,0,TXN_100137,CUST_10137
46,Credit,Payment,Groceries,141.18,12544.11,12402.9296875,12,New York,POS Terminal,UPI / Wallet,0,0,TXN_100138,CUST_10138
46,Credit,Transfer,Groceries,149.01,11258.45,11109.4404296875,12,New York,Mobile App,UPI / Wallet,0,0,TXN_100139,CUST_10139
45,Credit,Transfer,Groceries,132.87,11946.22,11813.349609375,11,New York,POS Terminal,UPI / Wallet,0,0,TXN_100140,CUST_10140
45,Credit,Transfer,Retail,158.58,15078.01,14919.4296875,12,Singapore,POS Terminal,UPI / Wallet,0,0,TXN_100141,CUST_10141
45,Credit,Transfer,Retail,209.52,15189.76,14980.240234375,13,New York,POS Terminal,UPI / Wallet,0,0,TXN_100142,CUST_10142
45,Credit,Transfer,Groceries,152.18,13459.82,13307.6396484375,11,New York,POS Terminal,Debit Card,0,0,TXN_100143,CUST_10143
41,Credit,Transfer,Groceries,156.26,9714.7,9558.4404296875,9,New York,Mobile App,Debit Card,0,0,TXN_100144,CUST_10144
43,Credit,Transfer,Groceries,146.18,11117.65,10971.4697265625,10,New York,POS Terminal,Debit Card,0,0,TXN_100145,CUST_10145
41,Credit,Payment,Groceries,125.44,10325.35,10199.91015625,11,New York,Mobile App,Debit Card,0,0,TXN_100146,CUST_10146
43,Credit,Transfer,Groceries,135.9,10763.32,10627.419921875,11,New York,Mobile App,UPI / Wallet,0,0,TXN_100147,CUST_10147
50,Credit,Transfer,Retail,228.8,14644.02,14415.2197265625,12,New York,POS Terminal,UPI / Wallet,0,0,TXN_100148,CUST_10148
49,Credit,Transfer,Groceries,168.92,12067.36,11898.4404296875,12,New York,POS Terminal,UPI / Wallet,0,0,TXN_100149,CUST_10149
47,Credit,Transfer,Groceries,151.32,11279.51,11278.1904296875,12,New York,Mobile App,Debit Card,0,0,TXN_100150,CUST_10150
46,Credit,Transfer,Groceries,141.78,12448.9,12307.1201171875,11,New York,POS Terminal,UPI / Wallet,0,0,TXN_100151,CUST_10151
44,Credit,Payment,Groceries,110.96,11753.6,11642.6396484375,10,New York,Mobile App,Debit Card,0,0,TXN_100152,CUST_10152
44,Credit,Payment,Groceries,151.23,10771.56,10620.330078125,11,New York,Mobile App,Debit Card,0,0,TXN_100153,CUST_10153
50,Credit,Transfer,Retail,140.25,11953.7,11813.4501953125,11,New York,POS Terminal,UPI / Wallet,0,0,TXN_100154,CUST_10154
51,Credit,Transfer,Retail,131.26,14990.71,14859.4501953125,12,New York,POS Terminal,UPI / Wallet,0,0,TXN_100155,CUST_10155
42,Checking,Payment,Groceries,124.64,10392.12,10267.48046875,10,New York,Mobile App,Debit Card,0,0,TXN_100156,CUST_10156
40,Checking,Payment,Groceries,160.28,9756.51,9596.23046875,10,Mumbai,Mobile App,Debit Card,0,0,TXN_100157,CUST_10157
45,Credit,Transfer,Groceries,146.94,12615.72,12468.7802734375,11,New York,Mobile App,Debit Card,0,0,TXN_100158,CUST_10158
49,Credit,Transfer,Retail,179.07,13945.06,13765.990234375,13,Singapore,POS Terminal,UPI / Wallet,0,0,TXN_100159,CUST_10159
43,Credit,Transfer,Groceries,188.21,11760.17,11571.9599609375,11,New York,POS Terminal,Debit Card,0,0,TXN_100160,CUST_10160
47,Credit,Transfer,Groceries,100.79,13236.16,13135.3701171875,13,New York,Mobile App,Debit Card,0,0,TXN_100161,CUST_10161
43,Credit,Transfer,Groceries,137.19,11194.69,11057.5,10,New York,POS Terminal,Debit Card,0,0,TXN_100162,CUST_10162
46,Credit,Transfer,Retail,158.93,13622.63,13463.7001953125,13,New York,Mobile App,UPI / Wallet,0,0,TXN_100163,CUST_10163
45,Credit,Payment,Groceries,102.36,11886.94,11934.580078125,10,New York,Mobile App,Debit Card,0,0,TXN_100164,CUST_10164
46,Credit,Transfer,Groceries,123.56,12635.56,12512.0,9,New York,POS Terminal,UPI / Wallet,0,0,TXN_100165,CUST_10165
46,Credit,Transfer,Retail,223.23,13016.63,12793.400390625,13,New York,POS Terminal,UPI / Wallet,0,0,TXN_100166,CUST_10166
44,Credit,Payment,Groceries,176.29,11439.7,11263.41015625,12,New York,POS Terminal,Debit Card,0,0,TXN_100167,CUST_10167
52,Credit,Transfer,Retail,92.94,12768.64,12675.7001953125,11,New York,Mobile App,UPI / Wallet,0,0,TXN_100168,CUST_10168
45,Credit,Transfer,Groceries,156.37,11679.3,11522.9296875,11,New York,POS Terminal,Debit Card,0,0,TXN_100169,CUST_10169
48,Credit,Transfer,Groceries,114.09,11937.74,11823.650390625,11,New York,Mobile App,Debit Card,0,0,TXN_100170,CUST_10170
46,Credit,Transfer,Retail,182.91,11873.8,11690.8896484375,11,New York,POS Terminal,UPI / Wallet,0,0,TXN_100171,CUST_10171
47,Credit,Transfer,Groceries,213.34,12812.87,12599.5302734375,11,New York,POS Terminal,UPI / Wallet,0,0,TXN_100172,CUST_10172
48,Credit,Transfer,Retail,146.65,11817.78,11671.1298828125,11,New York,Mobile App,UPI / Wallet,0,0,TXN_100173,CUST_10173
51,Credit,Transfer,Retail,123.33,16050.01,15926.6796875,11,New York,POS Terminal,UPI / Wallet,0,0,TXN_100174,CUST_10174
44,Credit,Transfer,Retail,155.45,11731.36,11575.91015625,12,New York,Mobile App,Debit Card,0,0,TXN_100175,CUST_10175
42,Credit,Payment,Groceries,153.76,10334.21,10330.4501953125,9,Mumbai,Mobile App,Debit Card,0,0,TXN_100176,CUST_10176
48,Credit,Transfer,Groceries,183.33,11931.91,11748.580078125,11,New York,POS Terminal,UPI / Wallet,0,0,TXN_100177,CUST_10177
50,Credit,Payment,Retail,172.35,14573.52,14401.169921875,12,New York,POS Terminal,Debit Card,0,0,TXN_100178,CUST_10178
51,Savings,Transfer,Retail,215.45,15903.05,15687.599609375,13,Singapore,POS Terminal,UPI / Wallet,0,0,TXN_100179,CUST_10179
45,Credit,Payment,Groceries,159.73,11309.94,11150.2099609375,11,New York,Mobile App,Debit Card,0,0,TXN_100180,CUST_10180
46,Credit,Transfer,Retail,163.48,12745.86,12582.3798828125,12,New York,POS Terminal,UPI / Wallet,0,0,TXN_100181,CUST_10181
48,Savings,Transfer,Retail,188.99,14650.33,14461.33984375,13,Singapore,POS Terminal,UPI / Wallet,0,0,TXN_100182,CUST_10182
48,Credit,Transfer,Retail,224.49,13449.79,13225.2998046875,12,New York,POS Terminal,UPI / Wallet,0,0,TXN_100183,CUST_10183
49,Credit,Transfer,Retail,147.79,13385.12,13237.330078125,12,New York,POS Terminal,UPI / Wallet,0,0,TXN_100184,CUST_10184
43,Credit,Payment,Groceries,131.34,9820.64,9689.2998046875,10,New York,Mobile App,Debit Card,0,0,TXN_100185,CUST_10185
49,Credit,Transfer,Retail,160.06,15134.65,14974.58984375,12,New York,POS Terminal,UPI / Wallet,0,0,TXN_100186,CUST_10186
38,Checking,Payment,Groceries,124.95,8916.19,8791.240234375,10,Mumbai,Mobile App,Debit Card,0,0,TXN_100187,CUST_10187
43,Credit,Transfer,Groceries,114.33,9566.51,9452.1796875,11,New York,Mobile App,Debit Card,0,0,TXN_100188,CUST_10188
48,Credit,Transfer,Retail,209.34,13324.15,13114.8095703125,13,New York,POS Terminal,Debit Card,0,0,TXN_100189,CUST_10189
46,Credit,Transfer,Groceries,168.89,11905.09,11736.2001953125,11,New York,POS Terminal,Debit Card,0,0,TXN_100190,CUST_10190
46,Credit,Payment,Groceries,150.72,12858.99,12708.26953125,11,New York,POS Terminal,Debit Card,0,0,TXN_100191,CUST_10191
49,Credit,Transfer,Groceries,167.52,13731.59,13564.0703125,11,New York,Mobile App,UPI / Wallet,0,0,TXN_100192,CUST_10192
43,Credit,Payment,Groceries,163.06,10827.4,10664.33984375,10,New York,Mobile App,Debit Card,0,0,TXN_100193,CUST_10193
42,Checking,Payment,Groceries,123.93,9633.4,9509.4697265625,10,Mumbai,Mobile App,Debit Card,0,0,TXN_100194,CUST_10194
50,Credit,Transfer,Retail,144.36,14713.52,14569.16015625,13,Singapore,POS Terminal,UPI / Wallet,0,0,TXN_100195,CUST_10195
47,Credit,Transfer,Retail,165.98,14276.43,14110.4501953125,10,New York,POS Terminal,Debit Card,0,0,TXN_100196,CUST_10196
45,Credit,Transfer,Groceries,159.1,11388.79,11229.6904296875,10,New York,POS Terminal,UPI / Wallet,0,0,TXN_100197,CUST_10197
46,Credit,Payment,Groceries,126.39,11833.91,11707.51953125,11,New York,POS Terminal,Debit Card,0,0,TXN_100198,CUST_10198
49,Credit,Transfer,Groceries,118.58,14369.91,14251.330078125,12,New York,POS Terminal,Debit Card,0,0,TXN_100199,CUST_10199
45,Credit,Transfer,Retail,144.42,11625.87,11481.4501953125,9,New York,POS Terminal,Debit Card,0,0,TXN_100200,CUST_10200
41,Credit,Payment,Groceries,139.18,9623.25,9484.0703125,10,New York,Mobile App,Debit Card,0,0,TXN_100201,CUST_10201
47,Credit,Transfer,Retail,102.22,13576.2,13473.98046875,12,New York,POS Terminal,UPI / Wallet,0,0,TXN_100202,CUST_10202
47,Credit,Transfer,Retail,145.31,11990.25,11844.9404296875,12,New York,POS Terminal,UPI / Wallet,0,0,TXN_100203,CUST_10203
41,Checking,Payment,Groceries,124.09,9577.06,9452.9697265625,10,Mumbai,Mobile App,Debit Card,0,0,TXN_100204,CUST_10204
52,Credit,Transfer,Retail,256.86,15576.73,15469.8701171875,15,Singapore,POS Terminal,UPI / Wallet,0,0,TXN_100205,CUST_10205
50,Credit,Transfer,Retail,181.79,14361.02,14179.23046875,12,New York,POS Terminal,UPI / Wallet,0,0,TXN_100206,CUST_10206
43,Credit,Payment,Groceries,109.62,9643.69,9534.0703125,11,New York,Mobile App,Debit Card,0,0,TXN_100207,CUST_10207
45,Credit,Payment,Groceries,170.45,11215.13,11044.6796875,11,New York,Mobile App,Debit Card,0,0,TXN_100208,CUST_10208
44,Credit,Transfer,Groceries,139.83,10404.35,10264.51953125,11,New York,Mobile App,Debit Card,0,0,TXN_100209,CUST_10209
46,Credit,Transfer,Groceries,132.45,12319.84,12187.3896484375,12,New York,Mobile App,UPI / Wallet,0,0,TXN_100210,CUST_10210
53,Savings,Transfer,Retail,149.82,17690.74,17540.919921875,13,New York,POS Terminal,UPI / Wallet,0,0,TXN_100211,CUST_10211
43,Credit,Payment,Groceries,143.3,10290.83,10147.5302734375,10,New York,Mobile App,Debit Card,0,0,TXN_100212,CUST_10212
42,Checking,Payment,Groceries,141.17,11040.25,10899.080078125,10,Mumbai,POS Terminal,Debit Card,0,0,TXN_100213,CUST_10213
44,Credit,Transfer,Groceries,124.47,12193.82,12069.349609375,11,New York,POS Terminal,Debit Card,0,0,TXN_100214,CUST_10214
42,Checking,Payment,Groceries,125.09,10358.72,10233.6298828125,10,Mumbai,Mobile App,Debit Card,0,0,TXN_100215,CUST_10215
42,Credit,Payment,Groceries,174.9,10493.89,10318.990234375,10,New York,POS Terminal,Debit Card,0,0,TXN_100216,CUST_10216
40,Checking,Payment,Entertainment,107.77,8285.03,8177.259765625,10,Mumbai,Mobile App,Debit Card,0,0,TXN_100217,CUST_10217
41,Credit,Payment,Groceries,128.0,9858.38,9730.3798828125,11,Mumbai,Mobile App,Debit Card,0,0,TXN_100218,CUST_10218
43,Credit,Transfer,Groceries,125.37,10888.5,10763.1298828125,11,New York,POS Terminal,Debit Card,0,0,TXN_100219,CUST_10219
45,Credit,Payment,Groceries,187.84,11271.58,11083.740234375,11,New York,Mobile App,Debit Card,0,0,TXN_100220,CUST_10220
42,Credit,Transfer,Groceries,151.04,11025.55,10874.509765625,10,New York,Mobile App,Debit Card,0,0,TXN_100221,CUST_10221
59,Savings,Transfer,Retail,142.38,16892.88,16750.5,14,New York,POS Terminal,UPI / Wallet,0,0,TXN_100222,CUST_10222
41,Checking,Payment,Groceries,101.36,8928.3,8826.9404296875,10,Mumbai,Mobile App,Debit Card,0,0,TXN_100223,CUST_10223
47,Credit,Transfer,Retail,119.95,13247.19,13127.240234375,11,New York,POS Terminal,UPI / Wallet,0,0,TXN_100224,CUST_10224
51,Credit,Transfer,Retail,187.01,16129.11,15942.099609375,12,New York,POS Terminal,UPI / Wallet,0,0,TXN_100225,CUST_10225
52,Savings,Transfer,Retail,169.5,14561.19,14391.6904296875,12,Singapore,POS Terminal,UPI / Wallet,0,0,TXN_100226,CUST_10226
46,Credit,Payment,Groceries,137.72,10931.27,10943.5498046875,11,New York,Mobile App,Debit Card,0,0,TXN_100227,CUST_10227
40,Credit,Payment,Groceries,166.49,9232.85,9066.3603515625,11,New York,Mobile App,Debit Card,0,0,TXN_100228,CUST_10228
48,Credit,Transfer,Retail,92.87,13766.82,13673.9501953125,11,New York,POS Terminal,UPI / Wallet,0,0,TXN_100229,CUST_10229
42,Credit,Payment,Groceries,135.28,10494.26,10358.98046875,10,New York,Mobile App,Debit Card,0,0,TXN_100230,CUST_10230
46,Credit,Transfer,Groceries,177.76,12208.13,12030.3701171875,11,New York,POS Terminal,Debit Card,0,0,TXN_100231,CUST_10231
47,Credit,Transfer,Groceries,126.15,12695.58,12569.4296875,11,New York,Mobile App,UPI / Wallet,0,0,TXN_100232,CUST_10232
42,Credit,Transfer,Groceries,166.23,11578.56,11412.330078125,12,New York,Mobile App,Debit Card,0,0,TXN_100233,CUST_10233
51,Credit,Transfer,Retail,135.28,13622.38,13487.099609375,13,New York,Mobile App,UPI / Wallet,0,0,TXN_100234,CUST_10234
44,Checking,Payment,Groceries,127.72,10376.32,10248.599609375,9,Mumbai,Mobile App,Debit Card,0,0,TXN_100235,CUST_10235
49,Credit,Transfer,Retail,117.37,15684.47,15567.099609375,14,Singapore,POS Terminal,UPI / Wallet,0,0,TXN_100236,CUST_10236
42,Credit,Transfer,Groceries,156.93,10905.4,10748.4697265625,11,New York,Mobile App,Debit Card,0,0,TXN_100237,CUST_10237
54,Savings,Transfer,Retail,241.95,16278.36,16036.41015625,13,Singapore,POS Terminal,UPI / Wallet,0,0,TXN_100238,CUST_10238
45,Credit,Payment,Groceries,159.45,10828.8,10819.349609375,11,New York,Mobile App,Debit Card,0,0,TXN_100239,CUST_10239
44,Credit,Transfer,Groceries,126.8,11470.22,11343.419921875,11,New York,POS Terminal,Debit Card,0,0,TXN_100240,CUST_10240
46,Credit,Payment,Retail,199.92,13829.43,13629.509765625,11,New York,POS Terminal,Debit Card,0,0,TXN_100241,CUST_10241
41,Checking,Payment,Groceries,106.46,8873.32,8766.8603515625,10,New York,Mobile App,Debit Card,0,0,TXN_100242,CUST_10242
48,Credit,Transfer,Groceries,115.89,11205.82,11089.9296875,11,New York,Mobile App,UPI / Wallet,0,0,TXN_100243,CUST_10243
51,Credit,Transfer,Retail,182.42,14451.5,14269.080078125,12,New York,POS Terminal,UPI / Wallet,0,0,TXN_100244,CUST_10244
46,Credit,Transfer,Groceries,192.5,11501.78,11309.2802734375,12,New York,Mobile App,Debit Card,0,0,TXN_100245,CUST_10245
46,Credit,Payment,Groceries,137.1,11776.43,11639.330078125,11,New York,POS Terminal,Debit Card,0,0,TXN_100246,CUST_10246
55,Savings,Transfer,Retail,185.68,17383.85,17198.169921875,13,Singapore,POS Terminal,UPI / Wallet,0,0,TXN_100247,CUST_10247
43,Checking,Payment,Groceries,140.66,9988.55,9847.8896484375,10,New York,Mobile App,Debit Card,0,0,TXN_100248,CUST_10248
48,Credit,Transfer,Groceries,168.47,14233.15,14064.6796875,14,New York,POS Terminal,UPI / Wallet,0,0,TXN_100249,CUST_10249
44,Credit,Transfer,Groceries,178.45,11728.9,11550.4501953125,11,New York,POS Terminal,UPI / Wallet,0,0,TXN_100250,CUST_10250
44,Credit,Transfer,Groceries,147.41,11840.27,11692.8603515625,11,New York,POS Terminal,UPI / Wallet,0,0,TXN_100251,CUST_10251
49,Credit,Transfer,Groceries,165.08,13023.42,12858.33984375,12,New York,POS Terminal,UPI / Wallet,0,0,TXN_100252,CUST_10252
47,Credit,Transfer,Groceries,161.64,11738.97,11577.330078125,11,New York,POS Terminal,Debit Card,0,0,TXN_100253,CUST_10253
49,Savings,Transfer,Retail,134.95,17244.22,17109.26953125,14,New York,POS Terminal,UPI / Wallet,0,0,TXN_100254,CUST_10254
44,Credit,Payment,Groceries,151.11,10181.91,10030.7998046875,10,New York,Mobile App,Debit Card,0,0,TXN_100255,CUST_10255
43,Credit,Transfer,Groceries,144.66,11064.98,10920.3203125,10,New York,Mobile App,Debit Card,0,0,TXN_100256,CUST_10256
53,Credit,Transfer,Retail,159.9,14142.73,13982.830078125,14,New York,POS Terminal,UPI / Wallet,0,0,TXN_100257,CUST_10257
47,Credit,Transfer,Groceries,113.84,13705.02,13591.1796875,12,New York,Mobile App,UPI / Wallet,0,0,TXN_100258,CUST_10258
48,Credit,Transfer,Retail,159.9,15066.81,14906.91015625,13,Singapore,POS Terminal,Debit Card,0,0,TXN_100259,CUST_10259
46,Credit,Transfer,Retail,149.65,12378.97,12229.3203125,12,New York,POS Terminal,UPI / Wallet,0,0,TXN_100260,CUST_10260
41,Credit,Payment,Groceries,130.97,11437.04,11306.0703125,12,New York,Mobile App,Debit Card,0,0,TXN_100261,CUST_10261
47,Credit,Transfer,Groceries,164.43,11566.49,11402.0595703125,13,New York,Mobile App,Debit Card,0,0,TXN_100262,CUST_10262
42,Credit,Payment,Groceries,156.83,11179.55,11022.7197265625,11,New York,Mobile App,Debit Card,0,0,TXN_100263,CUST_10263
48,Credit,Transfer,Groceries,155.95,13489.39,13333.4404296875,11,New York,Mobile App,UPI / Wallet,0,0,TXN_100264,CUST_10264
53,Savings,Transfer,Retail,188.54,15674.4,15485.8603515625,13,New York,POS Terminal,UPI / Wallet,0,0,TXN_100265,CUST_10265
51,Credit,Transfer,Groceries,72.78,12696.09,12623.3095703125,11,New York,POS Terminal,UPI / Wallet,0,0,TXN_100266,CUST_10266
42,Checking,Payment,Groceries,87.62,9947.47,9859.849609375,10,New York,Mobile App,Debit Card,0,0,TXN_100267,CUST_10267
43,Credit,Payment,Groceries,140.31,10309.43,10169.1201171875,10,Mumbai,Mobile App,Debit Card,0,0,TXN_100268,CUST_10268
46,Credit,Payment,Groceries,144.99,11530.88,11385.8896484375,10,New York,POS Terminal,Debit Card,0,0,TXN_100269,CUST_10269
48,Credit,Transfer,Retail,65.94,13342.51,13426.5703125,12,New York,POS Terminal,UPI / Wallet,0,0,TXN_100270,CUST_10270
49,Credit,Transfer,Groceries,171.3,12345.76,12174.4599609375,11,New York,POS Terminal,UPI / Wallet,0,0,TXN_100271,CUST_10271
42,Credit,Payment,Groceries,160.7,10416.45,10255.75,11,New York,Mobile App,Debit Card,0,0,TXN_100272,CUST_10272
50,Credit,Transfer,Retail,192.37,15220.23,15177.8603515625,13,Singapore,POS Terminal,UPI / Wallet,0,0,TXN_100273,CUST_10273
47,Credit,Transfer,Groceries,160.19,12981.82,12821.6298828125,12,New York,Mobile App,UPI / Wallet,0,0,TXN_100274,CUST_10274
48,Credit,Transfer,Retail,196.83,13821.13,13624.2998046875,11,New York,POS Terminal,UPI / Wallet,0,0,TXN_100275,CUST_10275
52,Credit,Transfer,Retail,119.34,14202.3,14082.9599609375,15,New York,POS Terminal,UPI / Wallet,0,0,TXN_100276,CUST_10276
47,Credit,Transfer,Groceries,111.65,11526.78,11415.1298828125,12,New York,Mobile App,Debit Card,0,0,TXN_100277,CUST_10277
47,Credit,Transfer,Groceries,96.46,12299.76,12203.2998046875,11,New York,Mobile App,UPI / Wallet,0,0,TXN_100278,CUST_10278
46,Credit,Transfer,Groceries,107.35,11688.14,11580.7900390625,10,New York,Mobile App,Debit Card,0,0,TXN_100279,CUST_10279
51,Credit,Transfer,Retail,174.05,15232.53,15058.48046875,12,New York,POS Terminal,UPI / Wallet,0,0,TXN_100280,CUST_10280
47,Credit,Transfer,Groceries,151.58,13572.4,13570.8203125,10,New York,POS Terminal,Debit Card,0,0,TXN_100281,CUST_10281
42,Credit,Transfer,Groceries,158.77,11375.21,11216.4404296875,11,New York,Mobile App,Debit Card,0,0,TXN_100282,CUST_10282
47,Credit,Payment,Groceries,148.7,13845.3,13696.599609375,12,New York,Mobile App,Debit Card,0,0,TXN_100283,CUST_10283
44,Credit,Transfer,Groceries,160.63,11460.67,11300.0400390625,11,New York,Mobile App,Debit Card,0,0,TXN_100284,CUST_10284
45,Credit,Transfer,Groceries,152.05,11685.25,11533.2001953125,11,New York,Mobile App,Debit Card,0,0,TXN_100285,CUST_10285
51,Credit,Transfer,Retail,222.08,14739.04,14516.9599609375,14,New York,POS Terminal,UPI / Wallet,0,0,TXN_100286,CUST_10286
46,Credit,Transfer,Groceries,171.42,12373.77,12352.349609375,11,New York,Mobile App,Debit Card,0,0,TXN_100287,CUST_10287
41,Checking,Payment,Groceries,145.45,8847.05,8701.599609375,10,Mumbai,Mobile App,Debit Card,0,0,TXN_100288,CUST_10288
48,Credit,Transfer,Retail,173.44,13692.74,13519.2998046875,11,New York,POS Terminal,UPI / Wallet,0,0,TXN_100289,CUST_10289
48,Credit,Transfer,Retail,169.7,13993.91,13824.2099609375,10,New York,POS Terminal,Debit Card,0,0,TXN_100290,CUST_10290
45,Credit,Payment,Groceries,145.48,12394.84,12249.3603515625,12,New York,Mobile App,Debit Card,0,0,TXN_100291,CUST_10291
42,Credit,Payment,Groceries,114.25,9000.33,9036.080078125,10,New York,Mobile App,Debit Card,0,0,TXN_100292,CUST_10292
48,Credit,Transfer,Groceries,165.09,14401.3,14236.2099609375,15,New York,POS Terminal,UPI / Wallet,0,0,TXN_100293,CUST_10293
43,Credit,Payment,Groceries,128.64,10457.8,10329.16015625,10,Mumbai,Mobile App,Debit Card,0,0,TXN_100294,CUST_10294
50,Credit,Transfer,Groceries,176.03,13710.18,13534.150390625,12,New York,POS Terminal,UPI / Wallet,0,0,TXN_100295,CUST_10295
48,Credit,Transfer,Groceries,146.98,13262.64,13115.66015625,12,New York,POS Terminal,UPI / Wallet,0,0,TXN_100296,CUST_10296
39,Checking,Transfer,Groceries,111.06,11396.68,11285.6201171875,10,New York,Mobile App,Debit Card,0,0,TXN_100297,CUST_10297
43,Credit,Payment,Groceries,105.9,11709.3,11603.400390625,11,New York,Mobile App,Debit Card,0,0,TXN_100298,CUST_10298
49,Credit,Transfer,Groceries,122.02,13647.81,13525.7900390625,12,New York,POS Terminal,UPI / Wallet,0,0,TXN_100299,CUST_10299
42,Credit,Transfer,Groceries,132.26,10407.93,10275.669921875,11,New York,Mobile App,Debit Card,0,0,TXN_100300,CUST_10300
49,Credit,Transfer,Groceries,132.81,13316.15,13183.33984375,11,New York,POS Terminal,Debit Card,0,0,TXN_100301,CUST_10301
43,Credit,Payment,Groceries,156.39,11941.91,11785.51953125,12,New York,Mobile App,Debit Card,0,0,TXN_100302,CUST_10302
45,Credit,Transfer,Groceries,145.99,10762.57,10616.580078125,11,New York,Mobile App,Debit Card,0,0,TXN_100303,CUST_10303
51,Credit,Transfer,Retail,96.29,15308.67,15212.3798828125,11,New York,POS Terminal,UPI / Wallet,0,0,TXN_100304,CUST_10304
48,Credit,Transfer,Retail,149.03,13504.72,13355.6904296875,11,New York,POS Terminal,UPI / Wallet,0,0,TXN_100305,CUST_10305
45,Credit,Payment,Groceries,141.76,11184.17,11042.41015625,10,New York,Mobile App,Debit Card,0,0,TXN_100306,CUST_10306
51,Credit,Transfer,Retail,172.58,14056.85,13884.26953125,13,New York,POS Terminal,UPI / Wallet,0,0,TXN_100307,CUST_10307
42,Credit,Payment,Groceries,129.84,10322.07,10192.23046875,11,New York,POS Terminal,UPI / Wallet,0,0,TXN_100308,CUST_10308
43,Credit,Payment,Groceries,66.44,10535.24,10468.7998046875,11,Mumbai,Mobile App,Debit Card,0,0,TXN_100309,CUST_10309
45,Credit,Transfer,Groceries,112.24,11034.59,10922.349609375,11,New York,Mobile App,Debit Card,0,0,TXN_100310,CUST_10310
44,Credit,Transfer,Groceries,137.7,10686.59,10548.8896484375,11,New York,Mobile App,Debit Card,0,0,TXN_100311,CUST_10311
45,Credit,Payment,Groceries,202.34,11747.84,11545.5,12,New York,POS Terminal,Debit Card,0,0,TXN_100312,CUST_10312
47,Credit,Transfer,Groceries,140.07,12760.78,12620.7099609375,11,New York,POS Terminal,UPI / Wallet,0,0,TXN_100313,CUST_10313
50,Credit,Transfer,Retail,164.19,13396.66,13232.4697265625,11,New York,POS Terminal,UPI / Wallet,0,0,TXN_100314,CUST_10314
44,Credit,Payment,Groceries,156.12,10271.42,10115.2998046875,10,New York,Mobile App,Debit Card,0,0,TXN_100315,CUST_10315
44,Credit,Transfer,Groceries,154.75,11221.24,11066.490234375,11,New York,POS Terminal,UPI / Wallet,0,0,TXN_100316,CUST_10316
49,Credit,Transfer,Retail,205.36,14130.23,13924.8701171875,12,New York,POS Terminal,UPI / Wallet,0,0,TXN_100317,CUST_10317
43,Credit,Transfer,Groceries,158.82,11154.01,10995.1904296875,10,New York,Mobile App,Debit Card,0,0,TXN_100318,CUST_10318
44,Credit,Payment,Groceries,122.15,11761.39,11639.240234375,10,New York,Mobile App,Debit Card,0,0,TXN_100319,CUST_10319
45,Credit,Payment,Groceries,133.12,11116.76,10983.6396484375,12,Mumbai,Mobile App,Debit Card,0,0,TXN_100320,CUST_10320
46,Credit,Transfer,Groceries,154.29,11884.26,11729.9697265625,11,New York,Mobile App,Debit Card,0,0,TXN_100321,CUST_10321
51,Credit,Transfer,Retail,146.05,13510.87,13364.8203125,12,New York,POS Terminal,UPI / Wallet,0,0,TXN_100322,CUST_10322
50,Credit,Transfer,Retail,143.82,16209.79,16065.9697265625,11,Singapore,POS Terminal,UPI / Wallet,0,0,TXN_100323,CUST_10323
40,Credit,Payment,Groceries,178.91,9959.4,9780.490234375,11,Mumbai,Mobile App,Debit Card,0,0,TXN_100324,CUST_10324
45,Credit,Transfer,Retail,235.25,13068.3,12833.0498046875,12,New York,POS Terminal,UPI / Wallet,0,0,TXN_100325,CUST_10325
41,Checking,Payment,Groceries,125.8,9043.59,8917.7900390625,9,Mumbai,Mobile App,Debit Card,0,0,TXN_100326,CUST_10326
49,Credit,Transfer,Retail,96.11,13637.02,13540.91015625,12,New York,POS Terminal,UPI / Wallet,0,0,TXN_100327,CUST_10327
46,Credit,Transfer,Groceries,133.24,12353.92,12220.6796875,11,New York,Mobile App,UPI / Wallet,0,0,TXN_100328,CUST_10328
51,Credit,Transfer,Retail,159.82,12405.05,12245.23046875,12,New York,POS Terminal,UPI / Wallet,0,0,TXN_100329,CUST_10329
43,Credit,Payment,Groceries,123.68,10526.54,10402.8603515625,10,Mumbai,Mobile App,Debit Card,0,0,TXN_100330,CUST_10330
47,Credit,Transfer,Retail,167.0,12798.09,12631.08984375,12,New York,POS Terminal,UPI / Wallet,0,0,TXN_100331,CUST_10331
43,Credit,Payment,Groceries,113.12,9574.91,9461.7900390625,11,New York,Mobile App,Debit Card,0,0,TXN_100332,CUST_10332
42,Credit,Payment,Groceries,125.07,10282.72,10157.650390625,10,New York,Mobile App,Debit Card,0,0,TXN_100333,CUST_10333
49,Savings,Transfer,Retail,156.72,14258.01,14101.2900390625,12,New York,POS Terminal,UPI / Wallet,0,0,TXN_100334,CUST_10334
44,Credit,Payment,Groceries,149.68,9651.44,9501.759765625,10,New York,Mobile App,Debit Card,0,0,TXN_100335,CUST_10335
50,Credit,Transfer,Groceries,92.97,13013.42,12920.4501953125,12,New York,POS Terminal,UPI / Wallet,0,0,TXN_100336,CUST_10336
42,Credit,Transfer,Retail,182.64,10010.98,9828.33984375,10,New York,Mobile App,Debit Card,0,0,TXN_100337,CUST_10337
50,Credit,Transfer,Retail,118.52,13111.45,12992.9296875,12,New York,POS Terminal,UPI / Wallet,0,0,TXN_100338,CUST_10338
46,Credit,Transfer,Groceries,144.15,11966.47,11822.3203125,11,New York,Mobile App,UPI / Wallet,0,0,TXN_100339,CUST_10339
45,Credit,Transfer,Groceries,157.95,11956.15,11798.2001953125,12,New York,Mobile App,Debit Card,0,0,TXN_100340,CUST_10340
46,Credit,Transfer,Groceries,123.62,11403.39,11279.76953125,12,New York,Mobile App,UPI / Wallet,0,0,TXN_100341,CUST_10341
46,Credit,Transfer,Retail,121.07,12874.83,12753.759765625,11,New York,Mobile App,Debit Card,0,0,TXN_100342,CUST_10342
44,Credit,Transfer,Retail,191.62,11836.02,11644.400390625,13,New York,POS Terminal,UPI / Wallet,0,0,TXN_100343,CUST_10343
47,Credit,Transfer,Retail,143.24,12781.58,12638.33984375,11,New York,POS Terminal,UPI / Wallet,0,0,TXN_100344,CUST_10344
46,Credit,Payment,Retail,178.84,12535.4,12356.5595703125,13,New York,POS Terminal,Debit Card,0,0,TXN_100345,CUST_10345
47,Credit,Transfer,Retail,136.38,12680.18,12543.7998046875,11,New York,Mobile App,Debit Card,0,0,TXN_100346,CUST_10346
44,Credit,Payment,Groceries,133.79,10836.29,10702.5,12,New York,Mobile App,Debit Card,0,0,TXN_100347,CUST_10347
41,Credit,Transfer,Groceries,162.18,12803.34,12641.16015625,12,New York,POS Terminal,UPI / Wallet,0,0,TXN_100348,CUST_10348
45,Credit,Transfer,Groceries,190.63,13775.35,13584.7197265625,12,New York,POS Terminal,Debit Card,0,0,TXN_100349,CUST_10349
53,Credit,Transfer,Retail,198.4,14387.41,14189.009765625,13,New York,POS Terminal,UPI / Wallet,0,0,TXN_100350,CUST_10350
46,Credit,Transfer,Retail,182.51,13721.23,13538.7197265625,12,New York,POS Terminal,UPI / Wallet,0,0,TXN_100351,CUST_10351
52,Credit,Transfer,Retail,86.76,14377.39,14290.6298828125,12,New York,POS Terminal,UPI / Wallet,0,0,TXN_100352,CUST_10352
44,Credit,Transfer,Groceries,182.66,11511.16,11328.5,11,Mumbai,Mobile App,Debit Card,0,0,TXN_100353,CUST_10353
47,Credit,Payment,Retail,177.02,13149.66,12972.6396484375,11,New York,POS Terminal,Debit Card,0,0,TXN_100354,CUST_10354
41,Checking,Payment,Groceries,135.93,9078.2,8942.26953125,11,Mumbai,Mobile App,Debit Card,0,0,TXN_100355,CUST_10355
49,Credit,Transfer,Retail,174.8,12167.84,11993.0400390625,14,New York,POS Terminal,UPI / Wallet,0,0,TXN_100356,CUST_10356
44,Credit,Payment,Groceries,106.78,11971.26,11864.48046875,12,New York,Mobile App,Debit Card,0,0,TXN_100357,CUST_10357
42,Credit,Transfer,Groceries,95.69,10149.86,10054.169921875,11,New York,Mobile App,Debit Card,0,0,TXN_100358,CUST_10358
47,Credit,Transfer,Retail,111.04,10830.2,10719.16015625,11,New York,Mobile App,Debit Card,0,0,TXN_100359,CUST_10359
50,Credit,Transfer,Groceries,126.66,14018.62,13891.9599609375,14,New York,POS Terminal,UPI / Wallet,0,0,TXN_100360,CUST_10360
45,Credit,Payment,Retail,169.41,12058.98,11889.5703125,11,New York,POS Terminal,Debit Card,0,0,TXN_100361,CUST_10361
49,Credit,Transfer,Retail,159.75,13134.91,12975.16015625,11,New York,POS Terminal,UPI / Wallet,0,0,TXN_100362,CUST_10362
42,Credit,Payment,Groceries,140.34,10159.6,10019.259765625,11,New York,Mobile App,Debit Card,0,0,TXN_100363,CUST_10363
47,Credit,Payment,Groceries,125.02,12373.28,12248.259765625,11,New York,POS Terminal,Debit Card,0,0,TXN_100364,CUST_10364
46,Credit,Transfer,Groceries,108.8,13045.78,12936.98046875,12,New York,Mobile App,UPI / Wallet,0,0,TXN_100365,CUST_10365
43,Credit,Transfer,Retail,188.68,12089.95,11901.26953125,12,New York,POS Terminal,Debit Card,0,0,TXN_100366,CUST_10366
48,Savings,Transfer,Retail,184.07,15540.4,15356.330078125,13,New York,POS Terminal,UPI / Wallet,0,0,TXN_100367,CUST_10367
44,Credit,Transfer,Groceries,141.86,11079.39,10937.5302734375,11,New York,Mobile App,Debit Card,0,0,TXN_100368,CUST_10368
46,Credit,Transfer,Groceries,110.41,12391.07,12280.66015625,12,New York,Mobile App,Debit Card,0,0,TXN_100369,CUST_10369
45,Credit,Transfer,Groceries,98.09,12015.86,11917.76953125,11,New York,Mobile App,Debit Card,0,0,TXN_100370,CUST_10370
48,Credit,Transfer,Groceries,176.0,12812.37,12636.3701171875,13,New York,POS Terminal,Debit Card,0,0,TXN_100371,CUST_10371
44,Checking,Payment,Groceries,134.74,10150.35,10015.6103515625,10,New York,Mobile App,Debit Card,0,0,TXN_100372,CUST_10372
50,Savings,Transfer,Retail,142.25,15212.02,15069.76953125,13,New York,POS Terminal,UPI / Wallet,0,0,TXN_100373,CUST_10373
41,Credit,Payment,Groceries,153.98,9999.12,9845.1396484375,10,Mumbai,Mobile App,Debit Card,0,0,TXN_100374,CUST_10374
39,Credit,Payment,Groceries,139.12,9398.73,9259.6103515625,11,Mumbai,Mobile App,Debit Card,0,0,TXN_100375,CUST_10375
42,Credit,Payment,Groceries,134.79,10450.44,10315.650390625,9,New York,Mobile App,Debit Card,0,0,TXN_100376,CUST_10376
45,Credit,Transfer,Groceries,126.61,10872.22,10745.6103515625,10,New York,POS Terminal,Debit Card,0,0,TXN_100377,CUST_10377
45,Credit,Transfer,Groceries,164.11,13074.0,12909.8896484375,11,New York,POS Terminal,UPI / Wallet,0,0,TXN_100378,CUST_10378
48,Credit,Transfer,Groceries,172.96,13290.9,13117.9404296875,12,New York,POS Terminal,Debit Card,0,0,TXN_100379,CUST_10379
43,Credit,Transfer,Groceries,124.76,10904.99,10780.23046875,10,New York,Mobile App,Debit Card,0,0,TXN_100380,CUST_10380
46,Credit,Transfer,Groceries,165.74,11968.43,11802.6904296875,12,New York,POS Terminal,Debit Card,0,0,TXN_100381,CUST_10381
47,Credit,Transfer,Retail,194.07,12083.46,11889.3896484375,13,New York,POS Terminal,UPI / Wallet,0,0,TXN_100382,CUST_10382
48,Credit,Transfer,Retail,147.19,11969.55,11822.3603515625,10,New York,POS Terminal,UPI / Wallet,0,0,TXN_100383,CUST_10383
47,Credit,Transfer,Groceries,113.59,13587.65,13474.0595703125,14,New York,POS Terminal,UPI / Wallet,0,0,TXN_100384,CUST_10384
44,Credit,Transfer,Groceries,145.35,11760.19,11614.83984375,12,New York,Mobile App,Debit Card,0,0,TXN_100385,CUST_10385
42,Credit,Transfer,Groceries,140.53,11330.46,11189.9296875,11,New York,Mobile App,Debit Card,0,0,TXN_100386,CUST_10386
42,Credit,Payment,Groceries,111.54,11687.86,11576.3203125,11,New York,Mobile App,Debit Card,0,0,TXN_100387,CUST_10387
47,Credit,Transfer,Retail,144.92,11137.6,10992.6796875,13,New York,POS Terminal,Debit Card,0,0,TXN_100388,CUST_10388
43,Credit,Payment,Groceries,164.58,10523.28,10358.7001953125,12,New York,POS Terminal,Debit Card,0,0,TXN_100389,CUST_10389
47,Credit,Transfer,Retail,120.02,13475.25,13355.23046875,12,New York,Mobile App,UPI / Wallet,0,0,TXN_100390,CUST_10390
45,Credit,Transfer,Groceries,140.04,11849.04,11709.0,10,New York,Mobile App,Debit Card,0,0,TXN_100391,CUST_10391
43,Credit,Payment,Groceries,121.03,10901.37,10780.33984375,10,Mumbai,Mobile App,Debit Card,0,0,TXN_100392,CUST_10392
48,Credit,Payment,Groceries,164.03,13111.69,12947.66015625,12,New York,POS Terminal,Debit Card,0,0,TXN_100393,CUST_10393
49,Credit,Transfer,Retail,172.4,14117.37,13944.9697265625,12,New York,POS Terminal,UPI / Wallet,0,0,TXN_100394,CUST_10394
42,Credit,Payment,Groceries,150.51,10362.67,10362.16015625,10,New York,Mobile App,Debit Card,0,0,TXN_100395,CUST_10395
49,Credit,Transfer,Retail,175.63,12991.03,12815.400390625,10,New York,POS Terminal,UPI / Wallet,0,0,TXN_100396,CUST_10396
44,Credit,Payment,Groceries,132.89,11036.22,10903.330078125,10,New York,Mobile App,Debit Card,0,0,TXN_100397,CUST_10397
45,Credit,Payment,Groceries,92.35,10479.22,10386.8701171875,12,Mumbai,Mobile App,Debit Card,0,0,TXN_100398,CUST_10398
47,Credit,Transfer,Retail,142.21,13993.96,13851.75,12,New York,POS Terminal,UPI / Wallet,0,0,TXN_100399,CUST_10399
47,Credit,Transfer,Retail,158.39,14628.0,14469.6103515625,12,New York,POS Terminal,UPI / Wallet,0,0,TXN_100400,CUST_10400
41,Credit,Payment,Groceries,113.34,10659.11,10545.76953125,11,New York,Mobile App,Debit Card,0,0,TXN_100401,CUST_10401
49,Credit,Transfer,Retail,141.31,12444.74,12303.4296875,11,New York,POS Terminal,Debit Card,0,0,TXN_100402,CUST_10402
45,Credit,Payment,Groceries,127.7,10531.21,10403.509765625,10,New York,Mobile App,Debit Card,0,0,TXN_100403,CUST_10403
44,Credit,Transfer,Groceries,135.22,10485.85,10350.6298828125,12,New York,Mobile App,UPI / Wallet,0,0,TXN_100404,CUST_10404
53,Savings,Transfer,Retail,172.32,14830.7,14658.3798828125,12,Singapore,POS Terminal,UPI / Wallet,0,0,TXN_100405,CUST_10405
46,Credit,Transfer,Groceries,116.57,12185.99,12069.419921875,10,New York,POS Terminal,Debit Card,0,0,TXN_100406,CUST_10406
43,Credit,Payment,Groceries,148.57,11122.4,10973.830078125,10,Mumbai,Mobile App,Debit Card,0,0,TXN_100407,CUST_10407
42,Credit,Payment,Groceries,119.92,11596.3,11476.3798828125,10,New York,POS Terminal,Debit Card,0,0,TXN_100408,CUST_10408
43,Credit,Payment,Groceries,196.2,11202.57,11006.3701171875,12,Mumbai,Mobile App,Debit Card,0,0,TXN_100409,CUST_10409
46,Credit,Transfer,Retail,124.19,13900.56,13776.3701171875,11,New York,POS Terminal,UPI / Wallet,0,0,TXN_100410,CUST_10410
56,Savings,Transfer,Retail,162.55,15503.07,15340.51953125,12,Singapore,POS Terminal,UPI / Wallet,0,0,TXN_100411,CUST_10411
42,Credit,Transfer,Retail,143.9,11441.38,11297.48046875,11,New York,POS Terminal,UPI / Wallet,0,0,TXN_100412,CUST_10412
44,Credit,Payment,Groceries,132.08,12671.13,12539.0498046875,11,New York,Mobile App,Debit Card,0,0,TXN_100413,CUST_10413
44,Credit,Payment,Groceries,121.17,10486.68,10365.509765625,11,Mumbai,Mobile App,Debit Card,0,0,TXN_100414,CUST_10414
46,Credit,Transfer,Retail,136.54,11963.22,11976.6796875,12,New York,POS Terminal,Debit Card,0,0,TXN_100415,CUST_10415
41,Checking,Payment,Groceries,92.92,8272.01,8179.08984375,11,New York,Mobile App,Debit Card,0,0,TXN_100416,CUST_10416
47,Credit,Transfer,Groceries,131.74,11544.98,11413.240234375,10,New York,Mobile App,UPI / Wallet,0,0,TXN_100417,CUST_10417
41,Credit,Payment,Groceries,151.39,9434.8,9283.41015625,9,Mumbai,Mobile App,Debit Card,0,0,TXN_100418,CUST_10418
45,Credit,Payment,Groceries,141.53,11524.49,11382.9599609375,10,New York,Mobile App,Debit Card,0,0,TXN_100419,CUST_10419
45,Credit,Payment,Groceries,109.72,12601.93,12492.2099609375,11,New York,POS Terminal,Debit Card,0,0,TXN_100420,CUST_10420
46,Credit,Payment,Retail,200.89,14654.18,14453.2900390625,13,New York,POS Terminal,UPI / Wallet,0,0,TXN_100421,CUST_10421
45,Credit,Transfer,Groceries,128.21,11030.66,11052.4501953125,11,New York,POS Terminal,Debit Card,0,0,TXN_100422,CUST_10422
42,Credit,Payment,Groceries,108.5,10821.06,10862.5595703125,11,New York,POS Terminal,Debit Card,0,0,TXN_100423,CUST_10423
47,Credit,Transfer,Retail,128.96,13022.9,13043.9404296875,13,New York,POS Terminal,UPI / Wallet,0,0,TXN_100424,CUST_10424
51,Credit,Transfer,Retail,150.43,14258.96,14108.5302734375,13,Singapore,POS Terminal,UPI / Wallet,0,0,TXN_100425,CUST_10425
48,Credit,Transfer,Groceries,143.84,12065.83,11921.990234375,11,New York,Mobile App,UPI / Wallet,0,0,TXN_100426,CUST_10426
44,Credit,Transfer,Groceries,144.58,11510.46,11365.8798828125,11,Mumbai,POS Terminal,UPI / Wallet,0,0,TXN_100427,CUST_10427
49,Credit,Transfer,Groceries,139.42,12412.51,12273.08984375,12,New York,Mobile App,Debit Card,0,0,TXN_100428,CUST_10428
43,Credit,Payment,Groceries,149.04,10218.58,10069.5400390625,11,New York,Mobile App,Debit Card,0,0,TXN_100429,CUST_10429
52,Credit,Transfer,Retail,123.65,14551.96,14428.3095703125,12,New York,POS Terminal,UPI / Wallet,0,0,TXN_100430,CUST_10430
46,Credit,Transfer,Groceries,138.37,11583.14,11444.76953125,12,New York,Mobile App,Debit Card,0,0,TXN_100431,CUST_10431
46,Credit,Transfer,Groceries,124.91,11438.14,11313.23046875,11,New York,Mobile App,Debit Card,0,0,TXN_100432,CUST_10432
45,Credit,Transfer,Groceries,123.1,11385.84,11262.740234375,10,New York,POS Terminal,Debit Card,0,0,TXN_100433,CUST_10433
41,Credit,Payment,Groceries,79.18,9756.23,9677.0498046875,11,New York,Mobile App,Debit Card,0,0,TXN_100434,CUST_10434
44,Credit,Payment,Groceries,127.23,11823.06,11845.830078125,10,New York,POS Terminal,Debit Card,0,0,TXN_100435,CUST_10435
48,Credit,Transfer,Retail,127.76,11800.74,11672.98046875,13,New York,POS Terminal,UPI / Wallet,0,0,TXN_100436,CUST_10436
43,Credit,Transfer,Groceries,137.64,12549.45,12411.8095703125,11,New York,Mobile App,Debit Card,0,0,TXN_100437,CUST_10437
45,Credit,Transfer,Groceries,127.13,12316.85,12189.7197265625,11,New York,Mobile App,Debit Card,0,0,TXN_100438,CUST_10438
43,Checking,Payment,Groceries,139.49,10860.4,10720.91015625,11,Mumbai,Mobile App,Debit Card,0,0,TXN_100439,CUST_10439
51,Credit,Transfer,Retail,106.51,14891.27,14784.759765625,11,New York,POS Terminal,UPI / Wallet,0,0,TXN_100440,CUST_10440
47,Credit,Transfer,Groceries,157.7,12073.75,11916.0498046875,12,New York,POS Terminal,UPI / Wallet,0,0,TXN_100441,CUST_10441
49,Credit,Transfer,Groceries,144.58,14593.55,14448.9697265625,12,New York,POS Terminal,UPI / Wallet,0,0,TXN_100442,CUST_10442
45,Credit,Payment,Groceries,157.96,11139.17,10981.2099609375,11,New York,Mobile App,Debit Card,0,0,TXN_100443,CUST_10443
49,Credit,Transfer,Retail,137.93,12747.11,12609.1796875,12,New York,POS Terminal,Debit Card,0,0,TXN_100444,CUST_10444
42,Credit,Payment,Groceries,126.56,9929.96,9803.400390625,10,Mumbai,Mobile App,Debit Card,0,0,TXN_100445,CUST_10445
42,Credit,Payment,Groceries,111.7,10752.0,10640.2998046875,11,Mumbai,Mobile App,Debit Card,0,0,TXN_100446,CUST_10446
46,Credit,Payment,Groceries,167.81,13490.87,13323.0595703125,10,New York,POS Terminal,UPI / Wallet,0,0,TXN_100447,CUST_10447
46,Credit,Transfer,Groceries,145.57,11241.49,11095.919921875,10,New York,Mobile App,Debit Card,0,0,TXN_100448,CUST_10448
49,Credit,Transfer,Retail,159.39,13429.91,13420.51953125,11,New York,Mobile App,Debit Card,0,0,TXN_100449,CUST_10449
48,Credit,Transfer,Retail,216.63,15991.01,15774.3798828125,13,New York,POS Terminal,UPI / Wallet,0,0,TXN_100450,CUST_10450
49,Credit,Transfer,Retail,145.2,12058.6,12063.400390625,11,New York,POS Terminal,UPI / Wallet,0,0,TXN_100451,CUST_10451
53,Savings,Transfer,Retail,203.12,17073.59,16870.470703125,13,Singapore,POS Terminal,UPI / Wallet,0,0,TXN_100452,CUST_10452
44,Credit,Transfer,Retail,179.27,12829.37,12650.099609375,12,New York,POS Terminal,UPI / Wallet,0,0,TXN_100453,CUST_10453
41,Checking,Payment,Groceries,138.41,9371.3,9232.8896484375,10,Mumbai,Mobile App,Debit Card,0,0,TXN_100454,CUST_10454
43,Checking,Payment,Groceries,152.73,11182.9,11030.169921875,10,New York,Mobile App,Debit Card,0,0,TXN_100455,CUST_10455
46,Credit,Payment,Groceries,144.14,12149.37,12005.23046875,11,New York,POS Terminal,UPI / Wallet,0,0,TXN_100456,CUST_10456
44,Credit,Transfer,Groceries,105.45,12862.59,12757.1396484375,10,New York,POS Terminal,UPI / Wallet,0,0,TXN_100457,CUST_10457
48,Credit,Transfer,Retail,144.81,12763.46,12618.650390625,12,New York,Mobile App,Debit Card,0,0,TXN_100458,CUST_10458
46,Credit,Transfer,Groceries,142.46,11176.65,11034.1904296875,11,New York,Mobile App,Debit Card,0,0,TXN_100459,CUST_10459
48,Credit,Transfer,Groceries,143.34,13304.5,13161.16015625,11,New York,POS Terminal,Debit Card,0,0,TXN_100460,CUST_10460
45,Credit,Payment,Groceries,129.56,11620.09,11490.5302734375,12,New York,Mobile App,Debit Card,0,0,TXN_100461,CUST_10461
43,Checking,Payment,Groceries,126.84,10207.3,10080.4599609375,11,New York,Mobile App,Debit Card,0,0,TXN_100462,CUST_10462
40,Credit,Payment,Groceries,129.8,9676.49,9546.6904296875,10,New York,Mobile App,Debit Card,0,0,TXN_100463,CUST_10463
48,Credit,Transfer,Groceries,126.24,12658.91,12532.669921875,12,New York,POS Terminal,UPI / Wallet,0,0,TXN_100464,CUST_10464
44,Credit,Payment,Groceries,150.39,11656.82,11506.4296875,10,New York,POS Terminal,Debit Card,0,0,TXN_100465,CUST_10465
44,Credit,Payment,Groceries,170.89,11785.93,11615.0400390625,11,New York,POS Terminal,Debit Card,0,0,TXN_100466,CUST_10466
44,Credit,Payment,Groceries,162.49,11452.16,11289.669921875,11,New York,Mobile App,Debit Card,0,0,TXN_100467,CUST_10467
50,Credit,Transfer,Retail,103.3,16268.52,16165.2197265625,14,New York,POS Terminal,UPI / Wallet,0,0,TXN_100468,CUST_10468
43,Credit,Payment,Groceries,144.34,11756.31,11611.9697265625,11,New York,Mobile App,Debit Card,0,0,TXN_100469,CUST_10469
45,Credit,Transfer,Groceries,136.56,11694.46,11557.900390625,11,New York,POS Terminal,Debit Card,0,0,TXN_100470,CUST_10470
51,Credit,Transfer,Retail,148.64,15390.05,15241.41015625,12,New York,Mobile App,UPI / Wallet,0,0,TXN_100471,CUST_10471
52,Credit,Transfer,Retail,110.22,15229.96,15119.740234375,12,New York,POS Terminal,UPI / Wallet,0,0,TXN_100472,CUST_10472
49,Credit,Transfer,Retail,184.66,15987.3,15802.6396484375,14,New York,POS Terminal,UPI / Wallet,0,0,TXN_100473,CUST_10473
41,Credit,Payment,Groceries,133.93,9995.3,9861.3701171875,10,New York,Mobile App,Debit Card,0,0,TXN_100474,CUST_10474
46,Credit,Payment,Groceries,91.99,13305.01,13213.01953125,12,New York,POS Terminal,Debit Card,0,0,TXN_100475,CUST_10475
48,Credit,Transfer,Retail,153.75,14336.21,14182.4599609375,12,Singapore,POS Terminal,UPI / Wallet,0,0,TXN_100476,CUST_10476
44,Credit,Payment,Groceries,99.19,10417.02,10317.830078125,11,Mumbai,Mobile App,Debit Card,0,0,TXN_100477,CUST_10477
45,Credit,Transfer,Groceries,188.55,13564.33,13375.7802734375,12,New York,POS Terminal,Debit Card,0,0,TXN_100478,CUST_10478
43,Credit,Payment,Groceries,185.77,10731.96,10546.1904296875,11,New York,Mobile App,Debit Card,0,0,TXN_100479,CUST_10479
43,Credit,Transfer,Groceries,143.34,10938.61,10795.26953125,11,New York,Mobile App,Debit Card,0,0,TXN_100480,CUST_10480
49,Credit,Transfer,Groceries,146.75,14350.93,14204.1796875,13,New York,POS Terminal,UPI / Wallet,0,0,TXN_100481,CUST_10481
42,Credit,Payment,Groceries,90.75,10437.8,10347.0498046875,11,New York,Mobile App,Debit Card,0,0,TXN_100482,CUST_10482
47,Credit,Transfer,Groceries,129.31,12090.86,11961.5498046875,12,New York,POS Terminal,Debit Card,0,0,TXN_100483,CUST_10483
44,Credit,Transfer,Groceries,135.27,10712.1,10576.830078125,9,New York,Mobile App,UPI / Wallet,0,0,TXN_100484,CUST_10484
43,Credit,Transfer,Groceries,156.34,11191.96,11185.6201171875,12,Mumbai,Mobile App,Debit Card,0,0,TXN_100485,CUST_10485
45,Credit,Payment,Groceries,128.07,11432.33,11304.259765625,11,New York,Mobile App,Debit Card,0,0,TXN_100486,CUST_10486
47,Credit,Transfer,Groceries,118.25,12265.26,12147.009765625,10,New York,Mobile App,Debit Card,0,0,TXN_100487,CUST_10487
45,Credit,Transfer,Groceries,81.78,11155.19,11073.41015625,12,New York,Mobile App,Debit Card,0,0,TXN_100488,CUST_10488
48,Credit,Transfer,Retail,93.28,13931.75,13838.4697265625,12,New York,POS Terminal,UPI / Wallet,0,0,TXN_100489,CUST_10489
40,Checking,Payment,Groceries,142.92,9276.88,9133.9599609375,10,Mumbai,Mobile App,Debit Card,0,0,TXN_100490,CUST_10490
45,Credit,Payment,Retail,137.14,13423.34,13286.2001953125,12,New York,POS Terminal,UPI / Wallet,0,0,TXN_100491,CUST_10491
42,Credit,Payment,Groceries,159.09,10957.14,10798.0498046875,11,New York,POS Terminal,Debit Card,0,0,TXN_100492,CUST_10492
45,Credit,Transfer,Groceries,129.73,12990.95,12861.2197265625,12,New York,POS Terminal,Debit Card,0,0,TXN_100493,CUST_10493
41,Credit,Payment,Groceries,144.96,10096.38,9951.419921875,10,New York,Mobile App,Debit Card,0,0,TXN_100494,CUST_10494
46,Credit,Payment,Groceries,143.51,11969.09,11825.580078125,12,New York,Mobile App,Debit Card,0,0,TXN_100495,CUST_10495
52,Credit,Transfer,Retail,213.91,14943.62,14729.7099609375,13,New York,POS Terminal,UPI / Wallet,0,0,TXN_100496,CUST_10496
48,Credit,Transfer,Retail,144.68,12511.65,12366.9697265625,11,New York,Mobile App,Debit Card,0,0,TXN_100497,CUST_10497
46,Credit,Transfer,Groceries,111.91,10775.16,10663.25,11,New York,Mobile App,Debit Card,0,0,TXN_100498,CUST_10498
49,Credit,Transfer,Retail,161.62,11516.4,11354.7802734375,13,New York,POS Terminal,UPI / Wallet,0,0,TXN_100499,CUST_10499
43,Credit,Payment,Groceries,147.16,12032.65,11885.490234375,10,New York,Mobile App,Debit Card,0,0,TXN_100500,CUST_10500
