PaymentID,CardNetwork,CardType,TransactionAmount_USD,MerchantCategory,CardholderCountry,MerchantCountry,CVV_Match,ThreeDSecure_Status,DeviceType,UserAccountAge_Days,IsChargeback
PAY_002178,Visa,Corporate,225.37,Digital_Gaming,SG,US,Match,Authenticated_Success,Mobile_iOS,1038,0
PAY_000021,Visa,Corporate,6.51,Travel_Airlines,US,US,Match,Attempted_NoAuth,Mobile_iOS,99,0
PAY_002923,Visa,Corporate,114.75,Electronics,JP,SG,Match,Authenticated_Success,Tablet,2631,0
PAY_001723,RuPay,Corporate,776.89,Luxury_Goods,SG,SG,Match,Authenticated_Success,Mobile_iOS,2966,0
PAY_000046,Visa,Corporate,17.75,Travel_Airlines,US,US,Match,Attempted_NoAuth,Mobile_iOS,291,0
PAY_002072,RuPay,Corporate,306.08,Subscription,US,US,Match,Attempted_NoAuth,Mobile_iOS,1718,0
PAY_001271,RuPay,Corporate,27.19,Travel_Airlines,US,US,Match,Attempted_NoAuth,Tablet,284,0
PAY_000774,Visa,Corporate,123.00,Electronics,US,US,Match,Authenticated_Success,Mobile_Android,1031,0
PAY_002893,Visa,Corporate,5.18,Travel_Airlines,AE,AU,Match,Exempt_LowRisk,Tablet,3029,0
PAY_002917,Visa,Corporate,51.34,Luxury_Goods,CA,GB,Match,Exempt_LowRisk,Mobile_iOS,3243,0
PAY_002928,Visa,Corporate,28.51,Apparel,SG,SG,Match,Exempt_LowRisk,Tablet,2268,0
PAY_000338,Visa,Corporate,27.18,Subscription,SG,US,Match,Authenticated_Success,Desktop_macOS,335,0
PAY_000448,Visa,Credit,145.10,Travel_Airlines,US,US,Match,Attempted_NoAuth,Mobile_Android,341,0
PAY_001703,RuPay,Corporate,472.94,Electronics,US,US,Match,Attempted_NoAuth,Mobile_Android,1737,0
PAY_002963,Visa,Corporate,16.71,Digital_Gaming,GB,SG,Match,Exempt_LowRisk,Mobile_iOS,2393,0
PAY_002516,Visa,Corporate,6.07,Food_Beverage,US,US,Match,Attempted_NoAuth,Mobile_Android,212,0
PAY_000557,Visa,Credit,439.70,Travel_Airlines,FR,JP,Match,Authenticated_Success,Mobile_Android,1807,0
PAY_000271,Visa,Corporate,33.59,Subscription,US,US,Match,Attempted_NoAuth,Mobile_iOS,404,0
PAY_001100,Visa,Corporate,26.04,Food_Beverage,US,US,Match,Attempted_NoAuth,Tablet,256,0
PAY_001041,RuPay,Corporate,780.51,Travel_Airlines,SG,SG,Match,Attempted_NoAuth,Mobile_iOS,1941,0
PAY_000760,RuPay,Credit,1093.03,Subscription,JP,JP,Match,Authenticated_Success,Mobile_Android,1553,0
PAY_000672,Visa,Corporate,674.61,Luxury_Goods,GB,JP,Match,Exempt_LowRisk,Mobile_Android,1669,0
PAY_000420,RuPay,Corporate,80.29,Travel_Airlines,US,US,Match,Attempted_NoAuth,Mobile_iOS,661,0
PAY_001533,Visa,Credit,138.83,Travel_Airlines,AU,DE,Match,Authenticated_Success,Mobile_iOS,2723,0
PAY_002920,Visa,Corporate,32.52,Travel_Airlines,AE,CA,Match,Exempt_LowRisk,Tablet,2963,0
PAY_001225,Visa,Corporate,49.56,Subscription,SG,US,Match,Authenticated_Success,Mobile_Android,503,0
PAY_000710,Visa,Corporate,74.89,Travel_Airlines,IN,JP,Match,Attempted_NoAuth,Tablet,1185,0
PAY_002781,RuPay,Corporate,196.67,Digital_Gaming,SG,SG,Match,Authenticated_Success,Tablet,1787,0
PAY_002948,Visa,Corporate,7.67,Apparel,IN,SG,Match,Exempt_LowRisk,Tablet,2134,0
PAY_001626,RuPay,Corporate,1716.47,Food_Beverage,IN,JP,Match,Exempt_LowRisk,Mobile_Android,2211,0
PAY_000105,Visa,Corporate,27.81,Travel_Airlines,US,US,Match,Attempted_NoAuth,Mobile_Android,257,0
PAY_002767,Visa,Corporate,152.79,Food_Beverage,FR,IN,Match,Exempt_LowRisk,Mobile_iOS,2314,0
PAY_000028,Visa,Corporate,18.51,Travel_Airlines,US,US,Match,Attempted_NoAuth,Desktop_macOS,261,0
PAY_001442,RuPay,Corporate,939.22,Subscription,JP,JP,Match,Authenticated_Success,Mobile_iOS,2109,0
PAY_002926,Visa,Corporate,20.45,Travel_Airlines,AE,AU,Match,Authenticated_Success,Tablet,3060,0
PAY_000982,RuPay,Corporate,1049.33,Travel_Airlines,SG,SG,Match,Attempted_NoAuth,Mobile_iOS,2700,0
PAY_000021,Visa,Corporate,9.19,Travel_Airlines,US,US,Match,Attempted_NoAuth,Mobile_Android,82,0
PAY_001175,RuPay,Corporate,830.09,Electronics,SG,SG,Match,Authenticated_Success,Mobile_Android,2175,0
PAY_001399,Mastercard,Credit,1756.68,Subscription,GB,IN,Mismatch,Authenticated_Success,Mobile_iOS,2089,0
PAY_000168,Visa,Corporate,14.63,Subscription,US,US,Match,Attempted_NoAuth,Tablet,155,0
PAY_002983,Visa,Corporate,6.61,Apparel,SG,SG,Match,Exempt_LowRisk,Tablet,1532,0
PAY_001978,Visa,Credit,648.86,Travel_Airlines,DE,IN,Match,Authenticated_Success,Mobile_Android,3007,0
PAY_002197,Visa,Corporate,5.78,Electronics,US,US,Match,Attempted_NoAuth,Tablet,91,0
PAY_002818,Visa,Corporate,102.38,Food_Beverage,DE,IN,Match,Exempt_LowRisk,Mobile_iOS,1416,0
PAY_001775,RuPay,Credit,1273.10,Travel_Airlines,GB,IN,Match,Authenticated_Success,Mobile_iOS,2981,0
PAY_001058,RuPay,Corporate,850.01,Travel_Airlines,DE,GB,Match,Authenticated_Success,Mobile_iOS,2691,0
PAY_000076,Visa,Corporate,14.23,Travel_Airlines,US,US,Match,Attempted_NoAuth,Tablet,165,0
PAY_000171,Visa,Corporate,117.08,Subscription,US,US,Match,Attempted_NoAuth,Mobile_Android,760,0
PAY_002673,Visa,Corporate,73.06,Food_Beverage,SG,SG,Match,Authenticated_Success,Tablet,956,0
PAY_002845,Visa,Corporate,49.79,Travel_Airlines,AU,FR,Match,Attempted_NoAuth,Mobile_iOS,3279,0
PAY_001346,RuPay,Corporate,1111.88,Travel_Airlines,IN,JP,Match,Attempted_NoAuth,Mobile_iOS,2391,0
PAY_002944,Visa,Corporate,20.38,Travel_Airlines,AE,AU,Match,Exempt_LowRisk,Tablet,3606,0
PAY_000124,RuPay,Corporate,28.28,Travel_Airlines,US,US,Match,Attempted_NoAuth,Tablet,240,0
PAY_000452,Visa,Corporate,28.05,Food_Beverage,US,US,Match,Attempted_NoAuth,Mobile_Android,507,0
PAY_002235,Visa,Credit,141.90,Travel_Airlines,JP,SG,Match,Attempted_NoAuth,Mobile_iOS,1824,0
PAY_002531,RuPay,Corporate,1029.63,Luxury_Goods,JP,SG,Match,Attempted_NoAuth,Mobile_iOS,2831,0
PAY_002991,Visa,Corporate,4.41,Apparel,SG,US,Match,Exempt_LowRisk,Tablet,1996,0
PAY_000551,RuPay,Corporate,470.01,Travel_Airlines,SG,SG,Match,Authenticated_Success,Mobile_iOS,1037,0
PAY_000854,Visa,Corporate,66.03,Electronics,US,US,Match,Attempted_NoAuth,Mobile_iOS,939,0
PAY_001696,Mastercard,Corporate,533.18,Subscription,US,SG,Match,Attempted_NoAuth,Mobile_iOS,1988,0
PAY_002993,Visa,Corporate,4.06,Apparel,DE,JP,Match,Exempt_LowRisk,Tablet,3168,0
PAY_002582,Visa,Corporate,53.49,Digital_Gaming,JP,SG,Match,Exempt_LowRisk,Tablet,848,0
PAY_000273,Visa,Corporate,77.39,Travel_Airlines,US,US,Match,Attempted_NoAuth,Mobile_Android,452,0
PAY_001654,RuPay,Corporate,206.79,Subscription,US,US,Match,Attempted_NoAuth,Tablet,2713,0
PAY_001220,RuPay,Credit,2073.51,Subscription,GB,IN,Mismatch,Authenticated_Success,Mobile_iOS,2412,0
PAY_001350,RuPay,Corporate,12.01,Luxury_Goods,US,US,Match,Attempted_NoAuth,Tablet,324,0
PAY_000270,Visa,Corporate,348.22,Travel_Airlines,SG,SG,Match,Attempted_NoAuth,Mobile_iOS,1511,0
PAY_000378,RuPay,Corporate,149.90,Travel_Airlines,US,US,Match,Attempted_NoAuth,Mobile_iOS,406,0
PAY_000048,Visa,Corporate,11.07,Travel_Airlines,US,US,Match,Attempted_NoAuth,Mobile_Android,90,0
PAY_002159,RuPay,Corporate,600.10,Electronics,SG,SG,Match,Authenticated_Success,Tablet,1592,0
PAY_002981,Visa,Corporate,7.16,Apparel,SG,US,Match,Exempt_LowRisk,Tablet,2517,0
PAY_002949,Visa,Corporate,17.89,Subscription,AE,CA,Match,Exempt_LowRisk,Tablet,3448,0
PAY_000637,Visa,Credit,242.83,Travel_Airlines,GB,JP,Match,Attempted_NoAuth,Mobile_Android,2269,0
PAY_002809,Visa,Corporate,29.04,Travel_Airlines,AE,AU,Match,Authenticated_Success,Tablet,3364,0
PAY_002293,Visa,Corporate,205.56,Digital_Gaming,SG,SG,Match,Exempt_LowRisk,Mobile_iOS,1194,0
PAY_000303,Visa,Corporate,239.04,Travel_Airlines,US,SG,Match,Attempted_NoAuth,Mobile_iOS,2248,0
PAY_000868,RuPay,Corporate,999.65,Travel_Airlines,SG,SG,Match,Attempted_NoAuth,Mobile_Android,1826,0
PAY_002782,Visa,Corporate,9.97,Digital_Gaming,US,US,Match,Authenticated_Success,Tablet,205,0
PAY_000787,RuPay,Corporate,908.18,Subscription,SG,JP,Match,Authenticated_Success,Mobile_iOS,2208,0
PAY_001247,RuPay,Corporate,822.46,Travel_Airlines,SG,SG,Match,Attempted_NoAuth,Mobile_Android,3038,0
PAY_000799,Visa,Corporate,67.86,Travel_Airlines,US,SG,Match,Attempted_NoAuth,Tablet,1022,0
PAY_000337,Visa,Credit,193.57,Travel_Airlines,SG,US,Match,Attempted_NoAuth,Desktop_macOS,1801,0
PAY_000354,Visa,Corporate,86.66,Subscription,US,US,Match,Attempted_NoAuth,Desktop_macOS,390,0
PAY_000423,Visa,Corporate,35.64,Subscription,US,US,Match,Attempted_NoAuth,Mobile_iOS,309,0
PAY_000374,Visa,Corporate,57.71,Travel_Airlines,US,US,Match,Attempted_NoAuth,Tablet,635,0
PAY_000301,RuPay,Corporate,101.66,Travel_Airlines,US,US,Match,Attempted_NoAuth,Mobile_iOS,843,0
PAY_001647,RuPay,Corporate,147.08,Food_Beverage,US,US,Match,Attempted_NoAuth,Tablet,1319,0
PAY_002575,Visa,Corporate,173.32,Electronics,FR,JP,Match,Exempt_LowRisk,Mobile_Android,2193,0
PAY_000233,Visa,Corporate,53.22,Travel_Airlines,US,US,Match,Attempted_NoAuth,Mobile_iOS,359,0
PAY_000547,RuPay,Corporate,340.91,Travel_Airlines,SG,SG,Match,Authenticated_Success,Mobile_iOS,1524,0
PAY_000157,Visa,Corporate,101.27,Travel_Airlines,US,US,Match,Attempted_NoAuth,Mobile_Android,779,0
PAY_001361,Visa,Credit,472.17,Travel_Airlines,DE,IN,Match,Authenticated_Success,Desktop_macOS,2485,0
PAY_002865,Visa,Corporate,20.38,Apparel,SG,US,Match,Authenticated_Success,Mobile_iOS,1696,0
PAY_000069,Visa,Corporate,30.83,Travel_Airlines,US,US,Match,Attempted_NoAuth,Mobile_iOS,238,0
PAY_002524,Visa,Corporate,443.97,Electronics,GB,JP,Match,Exempt_LowRisk,Mobile_Android,1771,0
PAY_001497,Mastercard,Corporate,1173.26,Subscription,JP,JP,Match,Authenticated_Success,Mobile_iOS,1973,0
PAY_001155,RuPay,Corporate,291.98,Subscription,US,SG,Match,Attempted_NoAuth,Tablet,1753,0
PAY_000195,RuPay,Corporate,76.46,Travel_Airlines,US,US,Match,Attempted_NoAuth,Mobile_iOS,780,0
PAY_002969,Visa,Corporate,13.80,Food_Beverage,FR,JP,Match,Authenticated_Success,Tablet,1621,0
PAY_002743,RuPay,Corporate,179.04,Digital_Gaming,SG,US,Match,Authenticated_Success,Mobile_iOS,2580,0
PAY_002904,Visa,Corporate,62.26,Digital_Gaming,FR,IN,Match,Exempt_LowRisk,Mobile_iOS,1848,0
PAY_000623,RuPay,Corporate,163.59,Travel_Airlines,US,US,Match,Attempted_NoAuth,Mobile_iOS,680,0
PAY_002925,Visa,Corporate,11.37,Travel_Airlines,AE,AU,Match,Exempt_LowRisk,Tablet,3471,0
PAY_002665,RuPay,Credit,419.34,Food_Beverage,FR,GB,Match,Authenticated_Success,Mobile_iOS,2240,0
PAY_002072,RuPay,Corporate,127.30,Subscription,US,US,Match,Attempted_NoAuth,Tablet,955,0
PAY_002928,Visa,Corporate,12.06,Apparel,SG,US,Match,Exempt_LowRisk,Tablet,1002,0
PAY_002990,Visa,Corporate,9.48,Travel_Airlines,AU,CA,Match,Exempt_LowRisk,Tablet,2106,0
PAY_001212,Visa,Corporate,98.88,Luxury_Goods,US,US,Match,Attempted_NoAuth,Mobile_Android,1294,0
PAY_000382,Visa,Corporate,105.49,Travel_Airlines,US,US,Match,Attempted_NoAuth,Mobile_iOS,1506,0
PAY_001519,RuPay,Corporate,536.44,Travel_Airlines,SG,SG,Match,Attempted_NoAuth,Mobile_iOS,2285,0
PAY_000245,Visa,Corporate,17.15,Travel_Airlines,US,US,Match,Attempted_NoAuth,Mobile_iOS,210,0
PAY_002907,Visa,Corporate,28.62,Apparel,SG,SG,Match,Exempt_LowRisk,Tablet,1636,0
PAY_001107,Visa,Corporate,434.45,Subscription,JP,SG,Match,Attempted_NoAuth,Desktop_macOS,2724,0
PAY_002585,Visa,Corporate,101.27,Travel_Airlines,AE,AU,Match,Authenticated_Success,Tablet,3413,0
PAY_002873,Visa,Corporate,95.25,Digital_Gaming,SG,SG,Match,Authenticated_Success,Mobile_iOS,3000,0
PAY_000398,Visa,Corporate,16.11,Luxury_Goods,US,US,Match,Attempted_NoAuth,Tablet,131,0
PAY_000244,Visa,Corporate,34.37,Travel_Airlines,SG,US,Match,Authenticated_Success,Mobile_Android,286,0
PAY_002819,Visa,Corporate,48.53,Food_Beverage,AU,IN,Match,Exempt_LowRisk,Mobile_Android,2791,0
PAY_001250,Visa,Corporate,32.63,Travel_Airlines,FR,SG,Match,Authenticated_Success,Desktop_macOS,1009,0
PAY_000971,RuPay,Corporate,1392.68,Subscription,JP,JP,Match,Attempted_NoAuth,Mobile_Android,2593,0
PAY_000670,RuPay,Corporate,854.39,Subscription,SG,SG,Match,Authenticated_Success,Mobile_Android,1753,0
PAY_002508,Visa,Corporate,24.00,Digital_Gaming,US,US,Match,Exempt_LowRisk,Tablet,141,0
PAY_001159,RuPay,Corporate,1366.51,Subscription,JP,JP,Match,Authenticated_Success,Mobile_iOS,2760,0
PAY_001425,Visa,Corporate,75.27,Food_Beverage,US,US,Match,Authenticated_Success,Tablet,535,0
PAY_001275,RuPay,Corporate,548.64,Food_Beverage,SG,SG,Match,Authenticated_Success,Mobile_Android,2821,0
PAY_002408,Visa,Corporate,223.72,Luxury_Goods,SG,US,Match,Attempted_NoAuth,Desktop_macOS,2933,0
PAY_001268,RuPay,Credit,425.13,Subscription,JP,JP,Match,Authenticated_Success,Tablet,1156,0
PAY_002533,Visa,Corporate,39.30,Apparel,US,US,Match,Authenticated_Success,Mobile_iOS,838,0
PAY_000243,Visa,Corporate,114.38,Luxury_Goods,US,US,Match,Authenticated_Success,Mobile_Android,432,0
PAY_001716,Visa,Credit,230.18,Subscription,IN,SG,Match,Authenticated_Success,Desktop_macOS,1098,0
PAY_000859,Visa,Credit,1225.16,Subscription,CA,FR,Match,Exempt_LowRisk,Mobile_Android,2634,0
PAY_000420,Visa,Corporate,21.88,Electronics,US,US,Match,Attempted_NoAuth,Mobile_iOS,338,0
PAY_000211,Visa,Corporate,45.38,Travel_Airlines,US,US,Match,Attempted_NoAuth,Mobile_iOS,337,0
PAY_000383,RuPay,Corporate,899.65,Subscription,JP,JP,Match,Authenticated_Success,Mobile_Android,2251,0
PAY_000177,Visa,Corporate,31.55,Travel_Airlines,US,US,Match,Attempted_NoAuth,Mobile_iOS,508,0
PAY_001407,Mastercard,Credit,2741.09,Subscription,GB,IN,Mismatch,Authenticated_Success,Mobile_Android,2307,0
PAY_002684,RuPay,Corporate,358.57,Digital_Gaming,SG,SG,Match,Exempt_LowRisk,Tablet,1529,0
PAY_000447,Visa,Corporate,419.66,Travel_Airlines,JP,SG,Match,Authenticated_Success,Mobile_iOS,1104,0
PAY_000121,Visa,Corporate,55.88,Subscription,SG,US,Match,Authenticated_Success,Desktop_macOS,579,0
PAY_001046,RuPay,Corporate,799.83,Food_Beverage,SG,SG,Match,Authenticated_Success,Mobile_Android,1863,0
PAY_001000,RuPay,Corporate,1438.13,Subscription,JP,JP,Match,Authenticated_Success,Mobile_Android,2260,0
PAY_002986,Visa,Corporate,11.71,Electronics,AU,IN,Match,Exempt_LowRisk,Mobile_iOS,3164,0
PAY_000101,Visa,Corporate,41.24,Subscription,US,US,Match,Attempted_NoAuth,Tablet,493,0
PAY_000640,RuPay,Corporate,379.67,Travel_Airlines,US,US,Match,Attempted_NoAuth,Mobile_iOS,2355,0
PAY_000699,Visa,Corporate,70.31,Subscription,US,US,Match,Attempted_NoAuth,Tablet,898,0
PAY_000991,RuPay,Credit,120.68,Travel_Airlines,SG,US,Match,Attempted_NoAuth,Mobile_iOS,302,0
PAY_000307,Visa,Corporate,15.83,Electronics,US,US,Match,Authenticated_Success,Tablet,280,0
PAY_001478,RuPay,Corporate,534.08,Travel_Airlines,JP,JP,Match,Attempted_NoAuth,Tablet,1811,0
PAY_002991,Visa,Corporate,4.34,Apparel,SG,US,Match,Exempt_LowRisk,Tablet,2254,0
PAY_000338,RuPay,Corporate,196.78,Travel_Airlines,US,US,Match,Attempted_NoAuth,Mobile_iOS,1828,0
PAY_000928,RuPay,Corporate,125.43,Subscription,SG,SG,Match,Authenticated_Success,Tablet,514,0
PAY_000431,Visa,Corporate,137.05,Travel_Airlines,SG,US,Match,Attempted_NoAuth,Desktop_Windows,1886,0
PAY_001756,RuPay,Credit,329.06,Food_Beverage,SG,SG,Match,Attempted_NoAuth,Mobile_Android,1876,0
PAY_000127,Visa,Corporate,275.13,Travel_Airlines,SG,SG,Match,Attempted_NoAuth,Mobile_Android,1221,0
PAY_002453,Visa,Corporate,42.41,Apparel,US,US,Match,Attempted_NoAuth,Tablet,1825,0
PAY_000874,Visa,Corporate,4.61,Travel_Airlines,US,US,Match,Attempted_NoAuth,Desktop_macOS,119,0
PAY_002474,RuPay,Corporate,638.81,Food_Beverage,IN,JP,Match,Authenticated_Success,Mobile_Android,2767,0
PAY_000327,Visa,Corporate,449.07,Subscription,SG,SG,Match,Authenticated_Success,Desktop_macOS,1514,0
PAY_002951,Visa,Corporate,22.72,Digital_Gaming,FR,IN,Match,Failed,Mobile_iOS,2204,0
PAY_000460,Visa,Corporate,1196.41,Travel_Airlines,IN,IN,Match,Authenticated_Success,Mobile_Android,2928,0
PAY_002503,Visa,Corporate,35.38,Apparel,SG,US,Match,Exempt_LowRisk,Mobile_iOS,844,0
PAY_001456,Visa,Corporate,32.94,Travel_Airlines,SG,SG,Match,Authenticated_Success,Tablet,246,0
PAY_002888,Visa,Corporate,37.51,Digital_Gaming,SG,SG,Match,Authenticated_Success,Tablet,2163,0
PAY_002689,Visa,Corporate,117.17,Digital_Gaming,US,US,Match,Authenticated_Success,Mobile_iOS,2107,0
PAY_002617,Visa,Corporate,392.00,Travel_Airlines,CA,GB,Match,Authenticated_Success,Mobile_Android,3259,0
PAY_002999,Visa,Corporate,3.84,Electronics,AU,IN,Match,Exempt_LowRisk,Tablet,3548,0
PAY_000132,Visa,Corporate,45.10,Travel_Airlines,US,US,Match,Attempted_NoAuth,Mobile_Android,425,0
PAY_002851,Visa,Corporate,29.71,Subscription,AE,CA,Match,Exempt_LowRisk,Tablet,2905,0
PAY_002951,Visa,Corporate,3.57,Electronics,FR,US,Match,Failed,Mobile_iOS,145,0
PAY_002975,Visa,Corporate,6.25,Electronics,GB,SG,Match,Authenticated_Success,Tablet,1367,0
PAY_002367,Visa,Corporate,167.38,Electronics,IN,JP,Match,Authenticated_Success,Mobile_iOS,2045,0
PAY_001744,RuPay,Credit,488.99,Travel_Airlines,GB,GB,Match,Attempted_NoAuth,Tablet,2634,0
PAY_000011,Visa,Corporate,5.22,Travel_Airlines,US,US,Match,Attempted_NoAuth,Mobile_Android,31,0
PAY_001598,Visa,Corporate,862.85,Travel_Airlines,DE,GB,Match,Authenticated_Success,Mobile_iOS,3283,0
PAY_000342,RuPay,Corporate,47.28,Travel_Airlines,US,US,Match,Attempted_NoAuth,Tablet,699,0
PAY_001396,Visa,Credit,78.00,Travel_Airlines,AU,FR,Match,Authenticated_Success,Tablet,2015,0
PAY_002971,Visa,Corporate,4.22,Apparel,US,US,Match,Authenticated_Success,Tablet,1311,0
PAY_002517,Visa,Credit,106.49,Travel_Airlines,AU,DE,Match,Authenticated_Success,Mobile_Android,3123,0
PAY_002252,Mastercard,Corporate,823.79,Subscription,SG,SG,Match,Attempted_NoAuth,Mobile_iOS,2746,0
PAY_000546,RuPay,Corporate,827.62,Subscription,SG,SG,Match,Authenticated_Success,Mobile_Android,1973,0
PAY_002968,Visa,Corporate,14.13,Subscription,AE,DE,Match,Exempt_LowRisk,Mobile_iOS,3408,0
PAY_001379,Visa,Credit,799.88,Subscription,GB,JP,Match,Authenticated_Success,Mobile_Android,1875,0
PAY_000077,Visa,Corporate,25.46,Travel_Airlines,US,US,Match,Attempted_NoAuth,Mobile_iOS,358,0
PAY_000270,Visa,Corporate,122.19,Travel_Airlines,US,US,Match,Attempted_NoAuth,Mobile_Android,1501,0
PAY_002927,Visa,Corporate,8.54,Food_Beverage,SG,SG,Match,Authenticated_Success,Tablet,451,0
PAY_002444,RuPay,Corporate,33.21,Digital_Gaming,US,US,Match,Attempted_NoAuth,Tablet,592,0
PAY_000618,Visa,Corporate,46.91,Travel_Airlines,SG,US,Match,Attempted_NoAuth,Mobile_iOS,846,0
PAY_001716,RuPay,Corporate,593.23,Travel_Airlines,DE,GB,Match,Attempted_NoAuth,Mobile_iOS,3308,0
PAY_002967,Visa,Corporate,14.13,Digital_Gaming,CA,IN,Match,Failed,Tablet,2517,0
PAY_000217,Visa,Credit,24.64,Travel_Airlines,SG,US,Match,Attempted_NoAuth,Mobile_iOS,225,0
PAY_001859,Visa,Corporate,742.44,Luxury_Goods,DE,IN,Match,Authenticated_Success,Desktop_macOS,2890,0
PAY_000685,RuPay,Corporate,257.54,Subscription,US,US,Match,Attempted_NoAuth,Mobile_iOS,508,0
PAY_000811,Visa,Credit,39.74,Travel_Airlines,SG,US,Match,Authenticated_Success,Mobile_iOS,172,0
PAY_000996,RuPay,Corporate,1434.19,Food_Beverage,JP,JP,Match,Authenticated_Success,Mobile_Android,2610,0
PAY_001448,Visa,Corporate,115.13,Travel_Airlines,JP,SG,Match,Attempted_NoAuth,Tablet,844,0
PAY_002651,Visa,Credit,98.26,Travel_Airlines,AE,CA,Match,Authenticated_Success,Tablet,3103,0
PAY_000098,Visa,Corporate,8.35,Travel_Airlines,US,US,Match,Attempted_NoAuth,Mobile_iOS,82,0
PAY_002985,Visa,Corporate,5.77,Apparel,GB,SG,Match,Exempt_LowRisk,Mobile_iOS,2394,0
PAY_000167,Visa,Corporate,95.49,Subscription,US,US,Match,Attempted_NoAuth,Mobile_Android,308,0
PAY_002393,Visa,Corporate,6.74,Subscription,SG,US,Match,Authenticated_Success,Tablet,92,0
PAY_000171,Visa,Corporate,242.33,Travel_Airlines,SG,US,Match,Attempted_NoAuth,Desktop_macOS,1018,0
PAY_001688,RuPay,Credit,907.54,Travel_Airlines,GB,IN,Match,Authenticated_Success,Mobile_iOS,1874,0
PAY_001100,Visa,Corporate,374.39,Subscription,US,US,Match,Attempted_NoAuth,Mobile_Android,2453,0
PAY_000618,RuPay,Corporate,119.39,Travel_Airlines,US,US,Match,Attempted_NoAuth,Mobile_iOS,1389,0
PAY_000148,Visa,Corporate,60.13,Travel_Airlines,US,US,Match,Attempted_NoAuth,Mobile_iOS,435,0
PAY_000963,Visa,Credit,66.45,Travel_Airlines,IN,SG,Match,Attempted_NoAuth,Mobile_iOS,812,0
PAY_000694,RuPay,Credit,967.59,Subscription,JP,JP,Match,Authenticated_Success,Desktop_macOS,2204,0
PAY_000062,Visa,Corporate,41.37,Travel_Airlines,US,US,Match,Attempted_NoAuth,Mobile_Android,636,0
PAY_002239,RuPay,Corporate,867.26,Travel_Airlines,GB,IN,Match,Attempted_NoAuth,Tablet,2952,0
PAY_002132,Visa,Credit,22.35,Travel_Airlines,GB,SG,Match,Authenticated_Success,Mobile_iOS,529,0
PAY_000971,Visa,Corporate,4.98,Travel_Airlines,US,US,Match,Attempted_NoAuth,Tablet,22,0
PAY_000741,RuPay,Corporate,1014.53,Travel_Airlines,JP,JP,Match,Authenticated_Success,Mobile_iOS,1732,0
PAY_002886,Visa,Corporate,46.22,Luxury_Goods,AU,FR,Match,Exempt_LowRisk,Tablet,2538,0
PAY_001207,RuPay,Corporate,183.31,Subscription,US,US,Match,Attempted_NoAuth,Tablet,1232,0
PAY_001038,RuPay,Corporate,42.60,Subscription,US,US,Match,Attempted_NoAuth,Tablet,504,0
PAY_000109,Visa,Corporate,66.79,Travel_Airlines,SG,SG,Match,Attempted_NoAuth,Mobile_iOS,468,0
PAY_001390,RuPay,Credit,2459.72,Subscription,GB,IN,Mismatch,Authenticated_Success,Mobile_Android,2293,0
PAY_000834,Visa,Corporate,27.28,Digital_Gaming,US,US,Match,Authenticated_Success,Mobile_iOS,608,0
PAY_001102,RuPay,Credit,1077.34,Luxury_Goods,DE,GB,Match,Exempt_LowRisk,Mobile_iOS,1906,0
PAY_002890,Visa,Corporate,30.64,Apparel,JP,SG,Match,Exempt_LowRisk,Mobile_iOS,1624,0
PAY_001209,Visa,Corporate,262.84,Travel_Airlines,US,US,Match,Attempted_NoAuth,Desktop_macOS,1850,0
PAY_000818,RuPay,Corporate,1697.30,Subscription,FR,GB,Match,Authenticated_Success,Mobile_Android,2693,0
PAY_000671,Visa,Corporate,91.02,Digital_Gaming,US,US,Match,Authenticated_Success,Mobile_Android,1133,0
PAY_002097,RuPay,Corporate,607.33,Electronics,SG,SG,Match,Authenticated_Success,Mobile_iOS,2747,0
PAY_000467,Visa,Corporate,75.08,Electronics,SG,US,Match,Authenticated_Success,Mobile_Android,366,0
PAY_000938,RuPay,Corporate,197.00,Travel_Airlines,US,US,Match,Attempted_NoAuth,Tablet,1361,0
PAY_002476,RuPay,Corporate,543.08,Travel_Airlines,CA,DE,Match,Authenticated_Success,Tablet,3211,0
PAY_001275,Visa,Corporate,25.93,Food_Beverage,US,US,Match,Attempted_NoAuth,Tablet,205,0
PAY_001141,RuPay,Credit,1335.69,Travel_Airlines,IN,IN,Match,Authenticated_Success,Mobile_Android,2982,0
PAY_000630,RuPay,Corporate,903.04,Subscription,SG,JP,Match,Authenticated_Success,Mobile_iOS,1932,0
PAY_000329,Visa,Corporate,5.46,Travel_Airlines,US,US,Match,Attempted_NoAuth,Tablet,27,0
PAY_000153,Visa,Corporate,28.82,Travel_Airlines,US,US,Match,Attempted_NoAuth,Mobile_iOS,319,0
PAY_001434,Visa,Corporate,45.38,Digital_Gaming,US,US,Match,Attempted_NoAuth,Tablet,1107,0
PAY_000929,RuPay,Credit,872.49,Travel_Airlines,JP,JP,Match,Attempted_NoAuth,Mobile_iOS,1888,0
PAY_000445,Visa,Corporate,8.41,Subscription,US,US,Match,Attempted_NoAuth,Mobile_iOS,159,0
PAY_000380,Visa,Corporate,35.10,Travel_Airlines,US,US,Match,Attempted_NoAuth,Tablet,96,0
PAY_000392,Visa,Corporate,46.48,Subscription,US,US,Match,Attempted_NoAuth,Tablet,450,0
PAY_001665,RuPay,Credit,1796.71,Electronics,IN,JP,Match,Authenticated_Success,Mobile_Android,2225,0
PAY_001812,Visa,Corporate,171.10,Travel_Airlines,GB,JP,Match,Attempted_NoAuth,Mobile_Android,3151,0
PAY_002987,Visa,Corporate,10.27,Digital_Gaming,DE,JP,Match,Exempt_LowRisk,Tablet,3032,0
PAY_002463,RuPay,Corporate,44.66,Digital_Gaming,US,US,Match,Authenticated_Success,Tablet,573,0
PAY_000195,Visa,Corporate,239.25,Subscription,US,US,Match,Attempted_NoAuth,Mobile_Android,1293,0
PAY_000734,Visa,Corporate,67.96,Luxury_Goods,US,US,Match,Attempted_NoAuth,Mobile_iOS,723,0
PAY_000728,Visa,Corporate,42.17,Electronics,US,US,Match,Authenticated_Success,Tablet,224,0
PAY_000141,Visa,Corporate,14.61,Luxury_Goods,US,US,Match,Attempted_NoAuth,Mobile_iOS,253,0
PAY_000433,Visa,Credit,444.72,Travel_Airlines,FR,IN,Match,Authenticated_Success,Desktop_macOS,2271,0
PAY_002949,Visa,Corporate,6.19,Apparel,GB,SG,Match,Exempt_LowRisk,Mobile_iOS,1966,0
PAY_000016,Visa,Corporate,16.30,Travel_Airlines,US,US,Match,Attempted_NoAuth,Mobile_Android,283,0
PAY_002970,Visa,Corporate,17.83,Subscription,AE,AU,Match,Exempt_LowRisk,Tablet,3469,0
PAY_000712,Visa,Corporate,145.78,Travel_Airlines,SG,US,Match,Attempted_NoAuth,Desktop_Windows,1977,0
PAY_002488,RuPay,Corporate,274.36,Food_Beverage,US,US,Match,Attempted_NoAuth,Mobile_Android,2620,0
PAY_001768,RuPay,Corporate,1313.66,Subscription,IN,JP,Match,Authenticated_Success,Mobile_iOS,2656,0
PAY_000388,Visa,Credit,128.54,Travel_Airlines,JP,SG,Match,Attempted_NoAuth,Mobile_Android,1382,0
PAY_000344,Visa,Credit,39.90,Travel_Airlines,US,US,Match,Attempted_NoAuth,Mobile_iOS,436,0
PAY_002481,Visa,Corporate,514.04,Travel_Airlines,FR,JP,Match,Attempted_NoAuth,Mobile_Android,3382,0
PAY_002848,Visa,Credit,46.69,Travel_Airlines,AU,FR,Match,Attempted_NoAuth,Mobile_iOS,3322,0
PAY_001683,Visa,Credit,294.86,Travel_Airlines,AU,DE,Match,Authenticated_Success,Tablet,2689,0
PAY_002531,Visa,Credit,273.36,Travel_Airlines,AU,CA,Match,Attempted_NoAuth,Tablet,3409,0
PAY_002966,Visa,Corporate,21.73,Apparel,GB,SG,Match,Exempt_LowRisk,Mobile_iOS,1780,0
PAY_000120,Visa,Corporate,3.86,Travel_Airlines,US,US,Match,Attempted_NoAuth,Tablet,11,0
PAY_002240,Visa,Corporate,325.15,Electronics,IN,SG,Match,Exempt_LowRisk,Mobile_Android,905,0
PAY_002992,Visa,Corporate,4.38,Food_Beverage,CA,GB,Match,Exempt_LowRisk,Tablet,1002,0
PAY_002490,RuPay,Corporate,139.40,Digital_Gaming,US,SG,Match,Authenticated_Success,Tablet,1356,0
PAY_000159,Visa,Corporate,145.88,Travel_Airlines,US,US,Match,Attempted_NoAuth,Mobile_iOS,1774,0
PAY_000567,Visa,Corporate,246.36,Food_Beverage,SG,US,Match,Authenticated_Success,Mobile_iOS,610,0
PAY_002354,Visa,Credit,272.72,Travel_Airlines,GB,JP,Match,Attempted_NoAuth,Mobile_iOS,2109,0
PAY_001164,Visa,Corporate,364.11,Travel_Airlines,DE,IN,Match,Authenticated_Success,Tablet,2479,0
PAY_002977,Visa,Corporate,7.34,Apparel,US,US,Match,Exempt_LowRisk,Tablet,1595,0
PAY_002525,RuPay,Corporate,633.11,Food_Beverage,GB,IN,Match,Authenticated_Success,Mobile_iOS,2643,0
PAY_002309,Visa,Corporate,7.25,Electronics,US,US,Match,Authenticated_Success,Tablet,197,0
PAY_000846,RuPay,Corporate,965.40,Subscription,JP,JP,Match,Authenticated_Success,Mobile_iOS,2282,0
PAY_000688,Visa,Corporate,8.85,Luxury_Goods,US,US,Match,Attempted_NoAuth,Tablet,94,0
PAY_002942,Visa,Corporate,16.62,Apparel,US,US,Match,Authenticated_Success,Mobile_iOS,1786,0
PAY_001125,Visa,Corporate,12.35,Luxury_Goods,JP,SG,Match,Exempt_LowRisk,Tablet,196,0
PAY_001846,RuPay,Corporate,281.88,Electronics,SG,US,Match,Attempted_NoAuth,Mobile_iOS,2094,0
PAY_002887,Visa,Corporate,47.47,Subscription,AE,CA,Match,Failed,Tablet,2776,0
PAY_002915,Visa,Corporate,16.61,Travel_Airlines,AE,DE,Match,Exempt_LowRisk,Tablet,2160,0
PAY_002428,RuPay,Corporate,216.05,Electronics,JP,SG,Match,Authenticated_Success,Tablet,2136,0
PAY_001663,Visa,Corporate,6.25,Electronics,US,US,Match,Attempted_NoAuth,Tablet,68,0
PAY_000364,Visa,Corporate,18.80,Travel_Airlines,US,US,Match,Attempted_NoAuth,Mobile_iOS,117,0
PAY_002778,Visa,Corporate,53.61,Subscription,CA,GB,Match,Authenticated_Success,Mobile_iOS,3105,0
PAY_002757,RuPay,Corporate,192.07,Digital_Gaming,SG,US,Match,Authenticated_Success,Tablet,2192,0
PAY_001907,RuPay,Credit,175.63,Subscription,IN,SG,Match,Attempted_NoAuth,Mobile_iOS,1603,0
PAY_000442,Visa,Corporate,191.44,Travel_Airlines,SG,SG,Match,Authenticated_Success,Mobile_iOS,1343,0
PAY_001683,Visa,Corporate,105.65,Food_Beverage,SG,US,Match,Attempted_NoAuth,Desktop_macOS,1480,0
PAY_002588,Visa,Corporate,6.89,Apparel,US,US,Match,Authenticated_Success,Mobile_iOS,351,0
PAY_000035,Visa,Corporate,6.39,Travel_Airlines,US,US,Match,Attempted_NoAuth,Mobile_iOS,55,0
PAY_002931,Visa,Corporate,46.25,Electronics,FR,JP,Match,Authenticated_Success,Mobile_iOS,2633,0
PAY_000307,Visa,Corporate,314.54,Subscription,SG,SG,Match,Attempted_NoAuth,Mobile_iOS,1227,0
PAY_000174,Visa,Corporate,23.02,Travel_Airlines,US,US,Match,Attempted_NoAuth,Tablet,225,0
PAY_000854,Visa,Corporate,143.64,Food_Beverage,SG,US,Match,Attempted_NoAuth,Mobile_Android,2229,0
PAY_002236,RuPay,Corporate,1185.76,Luxury_Goods,GB,IN,Match,Authenticated_Success,Mobile_iOS,3132,0
PAY_000338,Visa,Credit,470.48,Subscription,GB,IN,Match,Authenticated_Success,Mobile_Android,1567,0
PAY_000139,Visa,Corporate,117.89,Luxury_Goods,US,US,Match,Authenticated_Success,Mobile_Android,1064,0
PAY_002640,Visa,Corporate,285.61,Travel_Airlines,AE,CA,Match,Authenticated_Success,Mobile_iOS,3348,0
PAY_002904,Visa,Corporate,5.37,Food_Beverage,AU,GB,Match,Failed,Mobile_Android,2694,0
PAY_000059,Visa,Corporate,37.42,Travel_Airlines,US,US,Match,Attempted_NoAuth,Mobile_iOS,631,0
PAY_001613,Mastercard,Corporate,1142.84,Subscription,SG,SG,Match,Authenticated_Success,Mobile_iOS,2315,0
PAY_000783,RuPay,Corporate,128.16,Subscription,US,SG,Match,Attempted_NoAuth,Tablet,1094,0
PAY_001013,Visa,Corporate,5.83,Travel_Airlines,US,US,Match,Attempted_NoAuth,Tablet,36,0
PAY_002655,RuPay,Corporate,255.06,Luxury_Goods,SG,SG,Match,Authenticated_Success,Tablet,2190,0
PAY_001493,RuPay,Corporate,140.87,Electronics,US,US,Match,Attempted_NoAuth,Mobile_iOS,2313,0
PAY_002604,Visa,Corporate,37.46,Travel_Airlines,AE,AU,Match,Exempt_LowRisk,Tablet,3497,0
PAY_002598,Visa,Corporate,73.06,Digital_Gaming,US,US,Match,Authenticated_Success,Mobile_iOS,972,0
PAY_000567,RuPay,Credit,1063.69,Travel_Airlines,IN,IN,Match,Authenticated_Success,Mobile_Android,2047,0
PAY_000081,Visa,Corporate,27.17,Travel_Airlines,US,US,Match,Attempted_NoAuth,Mobile_iOS,350,0
PAY_000536,Visa,Corporate,310.02,Travel_Airlines,US,US,Match,Attempted_NoAuth,Mobile_Android,1982,0
PAY_002293,Visa,Credit,24.50,Luxury_Goods,FR,SG,Match,Authenticated_Success,Desktop_macOS,1090,0
PAY_001757,RuPay,Corporate,100.07,Electronics,US,US,Match,Attempted_NoAuth,Mobile_iOS,1695,0
PAY_000392,Visa,Corporate,290.17,Travel_Airlines,SG,US,Match,Attempted_NoAuth,Mobile_iOS,1350,0
PAY_002151,RuPay,Credit,1851.12,Subscription,JP,JP,Mismatch,Attempted_NoAuth,Mobile_iOS,2601,0
PAY_001513,RuPay,Corporate,1124.49,Travel_Airlines,IN,JP,Match,Attempted_NoAuth,Mobile_Android,3184,0
PAY_002484,Visa,Corporate,44.19,Digital_Gaming,US,US,Match,Attempted_NoAuth,Tablet,1023,0
PAY_002137,Visa,Credit,528.98,Subscription,DE,GB,Match,Exempt_LowRisk,Mobile_iOS,2040,0
PAY_002914,Visa,Corporate,21.03,Apparel,US,US,Match,Exempt_LowRisk,Tablet,637,0
PAY_001230,RuPay,Corporate,242.35,Electronics,SG,US,Match,Authenticated_Success,Mobile_iOS,1663,0
PAY_002926,Visa,Corporate,4.54,Digital_Gaming,SG,US,Match,Exempt_LowRisk,Tablet,87,0
PAY_002847,Visa,Corporate,109.51,Apparel,SG,US,Match,Authenticated_Success,Mobile_Android,1988,0
PAY_002541,RuPay,Corporate,571.30,Subscription,CA,FR,Match,Exempt_LowRisk,Tablet,3020,0
PAY_000204,Visa,Corporate,6.05,Subscription,US,US,Match,Attempted_NoAuth,Mobile_Android,43,0
PAY_000043,Visa,Corporate,21.31,Travel_Airlines,US,US,Match,Attempted_NoAuth,Mobile_iOS,371,0
PAY_000527,RuPay,Corporate,434.35,Subscription,SG,SG,Match,Attempted_NoAuth,Mobile_iOS,1356,0
PAY_001092,Visa,Corporate,257.46,Electronics,SG,US,Match,Authenticated_Success,Mobile_iOS,1008,0
PAY_000222,Visa,Corporate,95.53,Travel_Airlines,US,US,Match,Attempted_NoAuth,Mobile_iOS,431,0
PAY_002550,RuPay,Corporate,389.10,Luxury_Goods,IN,IN,Match,Exempt_LowRisk,Tablet,1815,0
PAY_002300,Visa,Credit,360.76,Travel_Airlines,AU,DE,Match,Authenticated_Success,Mobile_iOS,3259,0
PAY_001024,Visa,Corporate,43.75,Digital_Gaming,US,US,Match,Authenticated_Success,Mobile_iOS,1353,0
PAY_002990,Visa,Corporate,3.84,Apparel,SG,US,Match,Exempt_LowRisk,Tablet,491,0
PAY_001939,RuPay,Credit,64.35,Travel_Airlines,SG,SG,Match,Attempted_NoAuth,Tablet,824,0
PAY_001572,RuPay,Credit,674.75,Travel_Airlines,DE,FR,Match,Authenticated_Success,Mobile_iOS,2289,0
PAY_002927,Visa,Corporate,60.94,Subscription,AU,DE,Match,Authenticated_Success,Tablet,3046,0
PAY_002606,RuPay,Corporate,683.75,Food_Beverage,GB,IN,Match,Authenticated_Success,Mobile_iOS,2670,0
PAY_001805,Visa,Credit,4.42,Travel_Airlines,SG,US,Match,Attempted_NoAuth,Tablet,124,0
PAY_000211,Visa,Corporate,89.33,Subscription,US,US,Match,Attempted_NoAuth,Mobile_Android,1489,0
PAY_001892,Visa,Corporate,61.43,Luxury_Goods,US,US,Match,Authenticated_Success,Tablet,431,0
PAY_000283,Visa,Corporate,659.49,Subscription,JP,JP,Match,Authenticated_Success,Mobile_Android,2269,0
PAY_002666,Visa,Corporate,4.93,Apparel,US,US,Match,Authenticated_Success,Mobile_iOS,280,0
PAY_000830,Visa,Corporate,370.48,Travel_Airlines,DE,IN,Match,Attempted_NoAuth,Mobile_iOS,2699,0
PAY_002855,Visa,Corporate,3.79,Digital_Gaming,US,US,Match,Authenticated_Success,Mobile_iOS,124,0
PAY_001614,RuPay,Corporate,779.77,Subscription,JP,SG,Match,Authenticated_Success,Mobile_iOS,2868,0
PAY_000385,Visa,Corporate,194.66,Travel_Airlines,SG,US,Match,Attempted_NoAuth,Mobile_iOS,579,0
PAY_001242,RuPay,Corporate,776.93,Subscription,JP,JP,Match,Authenticated_Success,Mobile_iOS,2386,0
PAY_002120,RuPay,Corporate,1404.82,Travel_Airlines,GB,IN,Match,Attempted_NoAuth,Mobile_iOS,3106,0
PAY_000736,RuPay,Corporate,945.39,Travel_Airlines,JP,JP,Match,Authenticated_Success,Mobile_iOS,2101,0
PAY_002918,Visa,Credit,7.09,Subscription,AU,GB,Match,Authenticated_Success,Mobile_iOS,2664,0
PAY_000784,RuPay,Corporate,188.46,Travel_Airlines,SG,SG,Match,Attempted_NoAuth,Tablet,648,0
PAY_000597,RuPay,Corporate,894.25,Subscription,SG,SG,Match,Authenticated_Success,Desktop_macOS,2397,0
PAY_001289,RuPay,Corporate,1822.44,Subscription,JP,JP,Match,Authenticated_Success,Mobile_iOS,2222,0
PAY_000491,RuPay,Corporate,1351.38,Subscription,JP,IN,Match,Authenticated_Success,Mobile_iOS,2040,0
PAY_001860,Visa,Credit,369.46,Travel_Airlines,CA,DE,Match,Authenticated_Success,Tablet,2640,0
PAY_000187,Visa,Corporate,12.67,Travel_Airlines,US,US,Match,Attempted_NoAuth,Mobile_iOS,57,0
PAY_002999,Visa,Corporate,3.84,Luxury_Goods,AE,AU,Match,Exempt_LowRisk,Tablet,3333,0
PAY_002983,Visa,Corporate,6.49,Luxury_Goods,DE,IN,Match,Authenticated_Success,Tablet,2222,0
PAY_001676,Visa,Corporate,29.53,Digital_Gaming,US,US,Match,Attempted_NoAuth,Mobile_iOS,1699,0
PAY_002184,RuPay,Corporate,785.30,Luxury_Goods,SG,SG,Match,Authenticated_Success,Mobile_iOS,1490,0
PAY_002980,Visa,Corporate,5.89,Travel_Airlines,AE,AU,Match,Exempt_LowRisk,Tablet,2900,0
PAY_001425,RuPay,Credit,2203.26,Luxury_Goods,IN,JP,Match,Authenticated_Success,Mobile_Android,2599,0
PAY_002444,RuPay,Corporate,968.34,Electronics,SG,SG,Match,Authenticated_Success,Mobile_iOS,2159,0
PAY_000803,Visa,Corporate,21.29,Food_Beverage,US,US,Match,Attempted_NoAuth,Mobile_iOS,577,0
PAY_002888,Visa,Corporate,50.13,Digital_Gaming,GB,SG,Match,Exempt_LowRisk,Mobile_iOS,2670,0
PAY_000769,Visa,Corporate,33.22,Food_Beverage,US,US,Match,Attempted_NoAuth,Mobile_iOS,534,0
PAY_000146,Visa,Corporate,109.39,Travel_Airlines,US,US,Match,Attempted_NoAuth,Mobile_Android,1423,0
PAY_000677,RuPay,Corporate,123.63,Travel_Airlines,US,US,Match,Attempted_NoAuth,Mobile_Android,848,0
PAY_000870,RuPay,Corporate,616.12,Subscription,SG,SG,Match,Attempted_NoAuth,Mobile_Android,2776,0
PAY_000307,Visa,Corporate,109.75,Subscription,US,US,Match,Attempted_NoAuth,Mobile_iOS,1672,0
PAY_000052,Visa,Corporate,26.03,Travel_Airlines,US,US,Match,Attempted_NoAuth,Mobile_iOS,514,0
PAY_000419,Visa,Corporate,302.71,Travel_Airlines,IN,JP,Match,Authenticated_Success,Mobile_iOS,911,0
PAY_002346,RuPay,Corporate,143.36,Food_Beverage,US,SG,Match,Attempted_NoAuth,Tablet,1124,0
PAY_000040,Visa,Corporate,67.77,Travel_Airlines,US,US,Match,Attempted_NoAuth,Mobile_iOS,753,0
PAY_000927,Visa,Credit,364.45,Travel_Airlines,FR,IN,Match,Authenticated_Success,Mobile_Android,2449,0
PAY_002654,Visa,Corporate,175.27,Travel_Airlines,CA,GB,Match,Attempted_NoAuth,Mobile_iOS,3439,0
PAY_002752,Visa,Corporate,19.84,Apparel,US,US,Match,Exempt_LowRisk,Tablet,739,0
PAY_001684,Visa,Credit,205.55,Travel_Airlines,AU,CA,Match,Exempt_LowRisk,Mobile_iOS,2675,0
PAY_002759,Visa,Corporate,43.15,Travel_Airlines,AE,AU,Match,Exempt_LowRisk,Tablet,3271,0
PAY_000211,Visa,Corporate,8.19,Electronics,US,US,Match,Authenticated_Success,Mobile_iOS,154,0
PAY_000178,Visa,Corporate,23.29,Travel_Airlines,US,US,Match,Attempted_NoAuth,Tablet,264,0
PAY_001718,Visa,Corporate,395.34,Subscription,IN,SG,Match,Authenticated_Success,Mobile_Android,3060,0
PAY_000305,Visa,Corporate,32.13,Travel_Airlines,US,US,Match,Attempted_NoAuth,Mobile_iOS,428,0
PAY_000092,Visa,Corporate,42.48,Travel_Airlines,US,US,Match,Attempted_NoAuth,Mobile_Android,337,0
PAY_000868,RuPay,Corporate,1200.27,Travel_Airlines,SG,SG,Match,Attempted_NoAuth,Mobile_Android,2641,0
PAY_001202,RuPay,Corporate,861.29,Travel_Airlines,SG,SG,Match,Attempted_NoAuth,Mobile_iOS,2488,0
PAY_001595,Visa,Credit,45.78,Travel_Airlines,JP,JP,Match,Attempted_NoAuth,Tablet,727,0
PAY_001797,Visa,Corporate,59.63,Subscription,FR,IN,Match,Exempt_LowRisk,Mobile_iOS,1372,0
PAY_001015,Visa,Credit,80.00,Subscription,US,US,Match,Attempted_NoAuth,Desktop_macOS,509,0
PAY_002054,RuPay,Corporate,261.47,Food_Beverage,SG,SG,Match,Authenticated_Success,Mobile_iOS,1368,0
PAY_000778,RuPay,Corporate,98.70,Travel_Airlines,US,US,Match,Attempted_NoAuth,Tablet,994,0
PAY_000732,Visa,Credit,622.73,Subscription,JP,SG,Match,Authenticated_Success,Desktop_macOS,1283,0
PAY_000069,Visa,Corporate,21.96,Travel_Airlines,US,US,Match,Attempted_NoAuth,Mobile_iOS,301,0
PAY_000701,Visa,Corporate,42.84,Food_Beverage,US,US,Match,Attempted_NoAuth,Mobile_iOS,989,0
PAY_002642,Visa,Corporate,7.19,Electronics,US,US,Match,Authenticated_Success,Tablet,194,0
PAY_000067,Visa,Corporate,52.72,Subscription,US,US,Match,Attempted_NoAuth,Desktop_macOS,675,0
PAY_002320,Visa,Corporate,360.42,Electronics,DE,IN,Match,Exempt_LowRisk,Mobile_Android,2855,0
PAY_000169,Visa,Corporate,162.77,Food_Beverage,US,US,Match,Authenticated_Success,Mobile_Android,1510,0
PAY_000214,Visa,Credit,337.86,Travel_Airlines,SG,SG,Match,Authenticated_Success,Mobile_Android,1741,0
PAY_001333,Visa,Corporate,106.53,Digital_Gaming,US,US,Match,Attempted_NoAuth,Mobile_Android,1107,0
PAY_002062,Visa,Credit,15.06,Travel_Airlines,SG,SG,Match,Attempted_NoAuth,Tablet,113,0
PAY_002202,Visa,Credit,178.25,Subscription,IN,JP,Match,Authenticated_Success,Mobile_Android,1422,0
PAY_000610,Visa,Credit,49.21,Travel_Airlines,SG,US,Match,Attempted_NoAuth,Tablet,711,0
PAY_000823,RuPay,Corporate,971.42,Travel_Airlines,JP,JP,Match,Authenticated_Success,Mobile_iOS,1705,0
PAY_000710,RuPay,Credit,1405.55,Subscription,GB,GB,Match,Authenticated_Success,Mobile_iOS,2166,0
PAY_000087,Visa,Corporate,19.92,Travel_Airlines,US,US,Match,Attempted_NoAuth,Mobile_Android,390,0
PAY_001618,RuPay,Corporate,100.74,Subscription,US,US,Match,Attempted_NoAuth,Tablet,1696,0
PAY_000738,Visa,Credit,341.34,Travel_Airlines,JP,SG,Match,Attempted_NoAuth,Mobile_Android,1446,0
PAY_002518,RuPay,Corporate,693.91,Electronics,SG,SG,Match,Authenticated_Success,Mobile_iOS,2289,0
PAY_002450,Visa,Corporate,4.07,Digital_Gaming,US,US,Match,Exempt_LowRisk,Mobile_iOS,61,0
PAY_000298,Visa,Corporate,45.01,Subscription,US,US,Match,Attempted_NoAuth,Mobile_iOS,473,0
PAY_002782,Visa,Corporate,19.93,Apparel,US,US,Match,Attempted_NoAuth,Tablet,1017,0
PAY_000351,Visa,Corporate,32.16,Travel_Airlines,US,US,Match,Attempted_NoAuth,Desktop_macOS,431,0
PAY_002582,Visa,Credit,215.30,Subscription,AU,CA,Match,Exempt_LowRisk,Tablet,2426,0
PAY_002627,Visa,Credit,63.28,Travel_Airlines,CA,GB,Match,Authenticated_Success,Tablet,1788,0
PAY_000888,Visa,Corporate,87.93,Electronics,US,US,Match,Attempted_NoAuth,Tablet,811,0
PAY_002976,Visa,Corporate,9.03,Apparel,JP,SG,Match,Exempt_LowRisk,Tablet,943,0
PAY_002222,RuPay,Corporate,1141.09,Subscription,DE,FR,Match,Authenticated_Success,Mobile_iOS,2996,0
PAY_002661,Visa,Corporate,17.44,Digital_Gaming,US,US,Match,Attempted_NoAuth,Tablet,469,0
PAY_000742,Visa,Corporate,330.51,Subscription,GB,JP,Match,Exempt_LowRisk,Mobile_Android,1197,0
PAY_000407,Visa,Corporate,195.11,Food_Beverage,US,US,Match,Authenticated_Success,Mobile_iOS,1135,0
PAY_000926,Visa,Credit,514.04,Travel_Airlines,GB,JP,Match,Authenticated_Success,Desktop_macOS,1486,0
PAY_000271,Visa,Corporate,62.45,Luxury_Goods,US,US,Match,Attempted_NoAuth,Mobile_Android,472,0
PAY_001887,Visa,Corporate,198.56,Subscription,US,US,Match,Attempted_NoAuth,Mobile_Android,1569,0
PAY_001481,Visa,Corporate,118.64,Electronics,US,US,Match,Attempted_NoAuth,Mobile_iOS,2817,0
PAY_001843,Mastercard,Credit,2027.77,Subscription,IN,IN,Mismatch,Authenticated_Success,Mobile_iOS,2444,0
PAY_002755,Visa,Corporate,58.08,Travel_Airlines,AE,AU,Match,Authenticated_Success,Tablet,3540,0
PAY_000182,Visa,Credit,184.72,Travel_Airlines,SG,SG,Match,Attempted_NoAuth,Mobile_Android,1057,0
PAY_002500,Visa,Corporate,21.53,Apparel,US,US,Match,Authenticated_Success,Tablet,918,0
PAY_001277,Mastercard,Corporate,362.58,Luxury_Goods,US,SG,Match,Attempted_NoAuth,Tablet,1746,0
PAY_001035,Visa,Credit,427.69,Travel_Airlines,CA,DE,Match,Authenticated_Success,Mobile_iOS,3194,0
PAY_002059,RuPay,Corporate,785.42,Travel_Airlines,DE,GB,Match,Attempted_NoAuth,Mobile_iOS,3279,0
PAY_001722,Mastercard,Corporate,288.62,Travel_Airlines,SG,SG,Match,Attempted_NoAuth,Tablet,1361,0
PAY_002648,Visa,Corporate,26.04,Apparel,US,US,Match,Authenticated_Success,Mobile_iOS,882,0
PAY_000825,Visa,Corporate,267.91,Travel_Airlines,JP,SG,Match,Attempted_NoAuth,Mobile_Android,2814,0
PAY_002981,Visa,Corporate,17.62,Electronics,SG,SG,Match,Authenticated_Success,Tablet,2503,0
PAY_001280,Visa,Corporate,173.09,Electronics,US,US,Match,Authenticated_Success,Tablet,843,0
PAY_001448,RuPay,Credit,1158.93,Travel_Airlines,CA,FR,Match,Authenticated_Success,Mobile_iOS,3069,0
PAY_002530,Visa,Corporate,11.80,Apparel,US,US,Match,Authenticated_Success,Tablet,403,0
PAY_001901,Visa,Credit,485.17,Subscription,SG,SG,Match,Authenticated_Success,Mobile_iOS,1409,0
PAY_001630,RuPay,Credit,644.32,Food_Beverage,JP,SG,Match,Authenticated_Success,Mobile_Android,895,0
PAY_002626,Visa,Corporate,445.15,Digital_Gaming,FR,JP,Match,Exempt_LowRisk,Mobile_Android,2488,0
PAY_002981,Visa,Corporate,10.58,Food_Beverage,AU,FR,Match,Exempt_LowRisk,Tablet,2867,0
PAY_002370,RuPay,Corporate,525.69,Food_Beverage,US,US,Match,Attempted_NoAuth,Mobile_iOS,2603,0
PAY_001236,Visa,Corporate,133.33,Subscription,IN,JP,Match,Exempt_LowRisk,Tablet,431,0
PAY_000175,Visa,Corporate,68.69,Luxury_Goods,US,US,Match,Authenticated_Success,Mobile_Android,1040,0
PAY_002409,RuPay,Credit,1182.17,Subscription,CA,FR,Match,Exempt_LowRisk,Mobile_iOS,2550,0
PAY_000085,Visa,Corporate,152.51,Subscription,SG,US,Match,Attempted_NoAuth,Mobile_Android,1114,0
PAY_002853,Visa,Corporate,253.02,Electronics,FR,GB,Match,Exempt_LowRisk,Mobile_iOS,1904,0
PAY_002938,Visa,Corporate,48.68,Electronics,DE,JP,Match,Authenticated_Success,Mobile_iOS,3257,0
PAY_001723,Visa,Corporate,27.65,Apparel,US,US,Match,Authenticated_Success,Tablet,361,0
PAY_002481,Visa,Corporate,63.58,Electronics,US,US,Match,Attempted_NoAuth,Tablet,1163,0
PAY_002628,Visa,Corporate,39.61,Apparel,US,US,Match,Attempted_NoAuth,Mobile_iOS,1678,0
PAY_001224,RuPay,Corporate,20.61,Travel_Airlines,US,US,Match,Attempted_NoAuth,Tablet,156,0
PAY_002993,Visa,Corporate,7.93,Food_Beverage,AU,GB,Match,Exempt_LowRisk,Tablet,3260,0
PAY_002394,Visa,Corporate,504.08,Luxury_Goods,GB,JP,Match,Authenticated_Success,Mobile_iOS,2973,0
PAY_000435,RuPay,Corporate,1241.46,Subscription,IN,IN,Match,Authenticated_Success,Mobile_Android,1548,0
PAY_001850,Visa,Corporate,560.28,Travel_Airlines,AU,FR,Match,Authenticated_Success,Mobile_Android,3313,0
PAY_000493,Visa,Corporate,31.24,Electronics,US,US,Match,Attempted_NoAuth,Mobile_Android,825,0
PAY_000487,Visa,Credit,22.02,Travel_Airlines,GB,SG,Match,Authenticated_Success,Mobile_iOS,475,0
PAY_002857,Visa,Corporate,82.49,Digital_Gaming,DE,GB,Match,Failed,Tablet,1702,0
PAY_000687,Visa,Credit,18.70,Travel_Airlines,US,US,Match,Attempted_NoAuth,Tablet,132,0
PAY_002647,Visa,Corporate,221.02,Subscription,AU,GB,Match,Authenticated_Success,Mobile_iOS,3416,0
PAY_001260,Visa,Corporate,495.37,Subscription,JP,SG,Match,Authenticated_Success,Mobile_Android,2226,0
PAY_001787,RuPay,Corporate,795.75,Subscription,IN,JP,Match,Authenticated_Success,Mobile_iOS,2701,0
PAY_002177,RuPay,Credit,943.94,Travel_Airlines,DE,GB,Match,Authenticated_Success,Mobile_iOS,2853,0
PAY_000291,RuPay,Corporate,386.68,Travel_Airlines,SG,SG,Match,Attempted_NoAuth,Mobile_iOS,2039,0
PAY_000849,RuPay,Credit,914.78,Travel_Airlines,JP,IN,Match,Authenticated_Success,Mobile_iOS,1658,0
PAY_000108,Visa,Corporate,6.52,Travel_Airlines,US,US,Match,Attempted_NoAuth,Mobile_iOS,63,0
PAY_002611,Visa,Corporate,69.84,Apparel,SG,US,Match,Authenticated_Success,Mobile_iOS,2533,0
PAY_000190,Visa,Corporate,49.30,Subscription,SG,US,Match,Authenticated_Success,Mobile_iOS,270,0
PAY_000190,Visa,Corporate,99.92,Subscription,US,US,Match,Attempted_NoAuth,Mobile_iOS,1824,0
PAY_002906,Visa,Corporate,7.24,Travel_Airlines,AE,CA,Match,Exempt_LowRisk,Tablet,2348,0
PAY_000244,Visa,Corporate,470.45,Travel_Airlines,IN,JP,Match,Authenticated_Success,Desktop_macOS,1910,0
PAY_002842,Visa,Corporate,77.23,Travel_Airlines,AU,CA,Match,Exempt_LowRisk,Mobile_iOS,3306,0
PAY_001323,RuPay,Corporate,863.82,Subscription,SG,SG,Match,Attempted_NoAuth,Mobile_Android,2468,0
PAY_001042,Visa,Corporate,7.68,Travel_Airlines,US,US,Match,Authenticated_Success,Tablet,70,0
PAY_001640,Visa,Corporate,68.58,Subscription,US,US,Match,Attempted_NoAuth,Tablet,589,0
PAY_002839,Visa,Corporate,35.43,Food_Beverage,JP,JP,Match,Exempt_LowRisk,Tablet,892,0
PAY_000754,Visa,Corporate,12.10,Travel_Airlines,US,US,Match,Attempted_NoAuth,Tablet,173,0
PAY_002229,RuPay,Corporate,299.14,Electronics,US,US,Match,Attempted_NoAuth,Mobile_iOS,2467,0
PAY_002946,Visa,Corporate,104.29,Subscription,DE,IN,Match,Authenticated_Success,Tablet,3469,0
PAY_002973,Visa,Corporate,30.37,Subscription,AE,CA,Match,Exempt_LowRisk,Tablet,3332,0
PAY_002967,Visa,Corporate,8.68,Subscription,AE,AU,Match,Exempt_LowRisk,Tablet,3246,0
PAY_001815,RuPay,Corporate,596.24,Food_Beverage,SG,SG,Match,Authenticated_Success,Tablet,2162,0
PAY_001873,RuPay,Corporate,787.38,Subscription,SG,SG,Match,Attempted_NoAuth,Mobile_iOS,1885,0
PAY_001587,RuPay,Corporate,122.97,Travel_Airlines,JP,SG,Match,Attempted_NoAuth,Tablet,1944,0
PAY_000759,Visa,Corporate,14.03,Apparel,US,US,Match,Attempted_NoAuth,Mobile_Android,463,0
PAY_002231,RuPay,Corporate,212.51,Electronics,SG,US,Match,Authenticated_Success,Mobile_iOS,2467,0
PAY_000993,Visa,Corporate,88.52,Food_Beverage,US,US,Match,Authenticated_Success,Tablet,542,0
PAY_000676,RuPay,Credit,169.42,Travel_Airlines,US,SG,Match,Attempted_NoAuth,Mobile_iOS,473,0
PAY_002963,Visa,Corporate,14.09,Travel_Airlines,AE,AU,Match,Exempt_LowRisk,Tablet,3193,0
PAY_000770,Visa,Corporate,117.06,Food_Beverage,SG,US,Match,Attempted_NoAuth,Desktop_macOS,977,0
PAY_001497,Visa,Credit,419.91,Luxury_Goods,IN,JP,Match,Authenticated_Success,Mobile_Android,1178,0
PAY_001686,RuPay,Corporate,814.03,Food_Beverage,JP,SG,Match,Authenticated_Success,Mobile_Android,2429,0
PAY_000055,Visa,Corporate,13.22,Travel_Airlines,US,US,Match,Attempted_NoAuth,Tablet,172,0
PAY_002539,RuPay,Corporate,263.30,Digital_Gaming,US,US,Match,Attempted_NoAuth,Mobile_iOS,2634,0
PAY_001219,RuPay,Credit,1407.43,Luxury_Goods,IN,JP,Match,Exempt_LowRisk,Desktop_macOS,1526,0
PAY_002141,RuPay,Corporate,737.45,Subscription,SG,US,Match,Attempted_NoAuth,Mobile_Android,3060,0
PAY_002758,Visa,Credit,22.14,Travel_Airlines,AE,CA,Match,Exempt_LowRisk,Mobile_iOS,3040,0
PAY_001926,Visa,Corporate,37.57,Luxury_Goods,US,US,Match,Authenticated_Success,Tablet,357,0
PAY_002907,Visa,Corporate,29.19,Electronics,DE,GB,Match,Failed,Tablet,1958,0
PAY_001931,Visa,Corporate,183.66,Travel_Airlines,AE,AU,Match,Authenticated_Success,Mobile_iOS,3565,0
PAY_002670,Visa,Corporate,70.10,Apparel,US,US,Match,Exempt_LowRisk,Mobile_iOS,948,0
PAY_002676,Visa,Corporate,137.35,Travel_Airlines,CA,GB,Match,Attempted_NoAuth,Mobile_iOS,3558,0
PAY_002264,Visa,Credit,365.85,Travel_Airlines,AU,FR,Match,Attempted_NoAuth,Tablet,3474,0
PAY_002996,Visa,Corporate,3.68,Apparel,SG,US,Match,Exempt_LowRisk,Tablet,1514,0
PAY_002098,Visa,Corporate,221.40,Travel_Airlines,IN,SG,Match,Attempted_NoAuth,Mobile_iOS,2946,0
PAY_002927,Visa,Corporate,33.70,Subscription,AU,FR,Match,Exempt_LowRisk,Mobile_iOS,3176,0
PAY_000208,Visa,Corporate,26.25,Subscription,US,US,Match,Attempted_NoAuth,Mobile_iOS,171,0
PAY_000534,Visa,Corporate,43.11,Electronics,US,US,Match,Attempted_NoAuth,Mobile_Android,577,0
PAY_001701,RuPay,Credit,776.44,Subscription,DE,FR,Match,Authenticated_Success,Mobile_iOS,2563,0
PAY_001926,RuPay,Corporate,888.91,Travel_Airlines,CA,GB,Match,Authenticated_Success,Mobile_iOS,3316,0
PAY_002964,Visa,Corporate,20.63,Electronics,JP,JP,Match,Authenticated_Success,Tablet,2737,0
PAY_002363,Visa,Corporate,276.95,Luxury_Goods,SG,SG,Match,Authenticated_Success,Mobile_Android,2606,0
PAY_001753,Visa,Corporate,191.97,Food_Beverage,JP,SG,Match,Authenticated_Success,Tablet,836,0
PAY_002810,Visa,Corporate,110.35,Subscription,AE,CA,Match,Exempt_LowRisk,Tablet,3369,0
PAY_001944,RuPay,Corporate,603.35,Food_Beverage,SG,SG,Match,Authenticated_Success,Mobile_iOS,2643,0
PAY_002717,Visa,Corporate,82.27,Electronics,CA,JP,Match,Exempt_LowRisk,Mobile_Android,2831,0
PAY_000391,Visa,Corporate,6.34,Travel_Airlines,US,US,Match,Attempted_NoAuth,Tablet,28,0
PAY_001555,RuPay,Credit,1749.35,Luxury_Goods,SG,JP,Match,Authenticated_Success,Mobile_iOS,2132,0
PAY_001319,Visa,Corporate,48.93,Subscription,US,US,Match,Attempted_NoAuth,Tablet,291,0
PAY_000754,Visa,Corporate,10.57,Electronics,US,US,Match,Attempted_NoAuth,Desktop_macOS,169,0
PAY_001709,Visa,Corporate,108.52,Food_Beverage,CA,IN,Match,Exempt_LowRisk,Mobile_Android,2130,0
PAY_002683,Visa,Corporate,149.43,Digital_Gaming,JP,SG,Match,Exempt_LowRisk,Mobile_Android,2320,0
PAY_001354,Visa,Corporate,34.58,Luxury_Goods,US,US,Match,Authenticated_Success,Mobile_Android,369,0
PAY_002786,Visa,Corporate,70.79,Apparel,SG,SG,Match,Authenticated_Success,Mobile_iOS,2585,0
PAY_002780,Visa,Corporate,49.44,Apparel,US,US,Match,Authenticated_Success,Tablet,1307,0
PAY_000117,Visa,Corporate,7.19,Travel_Airlines,US,US,Match,Attempted_NoAuth,Tablet,54,0
PAY_000133,Visa,Corporate,33.68,Travel_Airlines,US,US,Match,Attempted_NoAuth,Mobile_iOS,670,0
PAY_001160,RuPay,Corporate,187.30,Travel_Airlines,SG,SG,Match,Attempted_NoAuth,Tablet,1106,0
PAY_002633,Visa,Credit,33.31,Travel_Airlines,AE,CA,Match,Authenticated_Success,Mobile_iOS,3016,0
PAY_000724,RuPay,Corporate,599.58,Travel_Airlines,JP,JP,Match,Authenticated_Success,Mobile_iOS,2387,0
PAY_002888,Visa,Credit,15.55,Travel_Airlines,AU,DE,Match,Authenticated_Success,Tablet,1708,0
PAY_001718,Mastercard,Corporate,653.30,Subscription,SG,JP,Match,Authenticated_Success,Tablet,1997,0
PAY_000041,Visa,Corporate,7.56,Travel_Airlines,US,US,Match,Attempted_NoAuth,Mobile_iOS,83,0
PAY_002773,Visa,Corporate,77.19,Travel_Airlines,AE,CA,Match,Exempt_LowRisk,Tablet,3204,0
PAY_000097,Visa,Corporate,196.74,Travel_Airlines,SG,SG,Match,Attempted_NoAuth,Mobile_Android,987,0
PAY_001272,Visa,Corporate,832.13,Travel_Airlines,DE,GB,Match,Authenticated_Success,Mobile_Android,2799,0
PAY_001854,Visa,Corporate,402.01,Digital_Gaming,JP,SG,Match,Exempt_LowRisk,Mobile_Android,1342,0
PAY_000884,RuPay,Corporate,133.13,Travel_Airlines,US,US,Match,Attempted_NoAuth,Tablet,891,0
PAY_000454,Visa,Corporate,61.35,Electronics,US,US,Match,Attempted_NoAuth,Mobile_iOS,821,0
PAY_001985,RuPay,Corporate,728.09,Luxury_Goods,SG,SG,Match,Attempted_NoAuth,Mobile_iOS,2566,0
PAY_002998,Visa,Corporate,3.71,Digital_Gaming,CA,GB,Match,Failed,Tablet,2129,0
PAY_002179,Visa,Corporate,618.71,Travel_Airlines,AU,FR,Match,Authenticated_Success,Mobile_iOS,2965,0
PAY_000189,Visa,Corporate,7.85,Electronics,US,US,Match,Authenticated_Success,Mobile_Android,155,0
PAY_000378,Visa,Corporate,82.21,Subscription,US,US,Match,Attempted_NoAuth,Mobile_iOS,611,0
PAY_002436,Visa,Corporate,10.86,Apparel,US,US,Match,Authenticated_Success,Mobile_iOS,204,0
PAY_001477,RuPay,Corporate,20.63,Luxury_Goods,US,US,Match,Attempted_NoAuth,Tablet,632,0
PAY_002770,Visa,Corporate,121.59,Subscription,AU,DE,Match,Exempt_LowRisk,Mobile_iOS,3047,0
PAY_000325,RuPay,Corporate,124.32,Travel_Airlines,SG,US,Match,Attempted_NoAuth,Mobile_iOS,513,0
PAY_002556,RuPay,Corporate,591.94,Electronics,FR,GB,Match,Exempt_LowRisk,Mobile_iOS,2717,0
PAY_002605,Visa,Corporate,15.27,Luxury_Goods,SG,US,Match,Authenticated_Success,Tablet,362,0
PAY_002875,Visa,Corporate,9.01,Apparel,US,US,Match,Authenticated_Success,Tablet,574,0
PAY_000893,RuPay,Corporate,1021.83,Travel_Airlines,SG,SG,Match,Attempted_NoAuth,Mobile_Android,2541,0
PAY_002816,RuPay,Corporate,163.47,Electronics,US,US,Match,Attempted_NoAuth,Tablet,2196,0
PAY_000109,Visa,Credit,122.24,Travel_Airlines,US,US,Match,Attempted_NoAuth,Desktop_macOS,927,0
PAY_002909,Visa,Corporate,38.23,Digital_Gaming,SG,SG,Match,Authenticated_Success,Tablet,1226,0
PAY_002763,Visa,Corporate,15.28,Apparel,US,US,Match,Authenticated_Success,Mobile_iOS,1975,0
PAY_002985,Visa,Corporate,13.75,Food_Beverage,FR,JP,Match,Authenticated_Success,Tablet,3441,0
PAY_000713,Visa,Corporate,15.65,Travel_Airlines,US,US,Match,Attempted_NoAuth,Tablet,155,0
PAY_002756,Visa,Corporate,4.26,Luxury_Goods,SG,US,Match,Exempt_LowRisk,Tablet,62,0
PAY_002560,RuPay,Corporate,604.26,Digital_Gaming,SG,US,Match,Authenticated_Success,Mobile_iOS,2307,0
PAY_001933,RuPay,Credit,1159.46,Subscription,DE,FR,Match,Exempt_LowRisk,Mobile_iOS,2347,0
PAY_001058,RuPay,Corporate,786.29,Food_Beverage,US,SG,Match,Attempted_NoAuth,Mobile_Android,1968,0
PAY_002310,Visa,Corporate,31.24,Apparel,US,US,Match,Authenticated_Success,Mobile_iOS,864,0
PAY_000152,Visa,Corporate,22.07,Travel_Airlines,US,US,Match,Attempted_NoAuth,Mobile_iOS,270,0
PAY_001703,RuPay,Corporate,393.21,Subscription,US,SG,Match,Attempted_NoAuth,Mobile_iOS,2373,0
PAY_000081,Visa,Corporate,103.71,Travel_Airlines,US,US,Match,Authenticated_Success,Mobile_iOS,759,0
PAY_002893,Visa,Corporate,58.45,Digital_Gaming,IN,IN,Match,Exempt_LowRisk,Tablet,2193,0
PAY_000326,Visa,Credit,266.62,Travel_Airlines,JP,SG,Match,Authenticated_Success,Desktop_macOS,679,0
PAY_000577,RuPay,Corporate,167.28,Travel_Airlines,US,US,Match,Attempted_NoAuth,Mobile_iOS,1768,0
PAY_001552,RuPay,Credit,1046.26,Travel_Airlines,AU,CA,Match,Authenticated_Success,Mobile_iOS,3250,0
PAY_002488,Visa,Corporate,22.37,Electronics,SG,US,Match,Authenticated_Success,Tablet,535,0
PAY_002121,Visa,Corporate,9.03,Travel_Airlines,US,US,Match,Attempted_NoAuth,Tablet,103,0
PAY_001376,Visa,Credit,522.30,Travel_Airlines,FR,GB,Match,Attempted_NoAuth,Mobile_iOS,3359,0
PAY_002583,Visa,Corporate,249.30,Electronics,JP,SG,Match,Authenticated_Success,Mobile_Android,2088,0
PAY_002915,Visa,Corporate,10.58,Apparel,SG,SG,Match,Exempt_LowRisk,Tablet,691,0
PAY_001668,Visa,Credit,362.79,Luxury_Goods,SG,SG,Match,Exempt_LowRisk,Mobile_iOS,647,0
PAY_002503,Visa,Corporate,51.13,Apparel,US,US,Match,Exempt_LowRisk,Tablet,623,0
PAY_002725,Visa,Corporate,59.05,Apparel,US,US,Match,Authenticated_Success,Tablet,1076,0
PAY_001501,RuPay,Credit,1749.06,Subscription,JP,JP,Match,Authenticated_Success,Mobile_Android,2298,0
PAY_002089,RuPay,Corporate,652.05,Electronics,US,US,Match,Authenticated_Success,Mobile_Android,2380,0
PAY_002030,Visa,Corporate,508.84,Travel_Airlines,AU,DE,Match,Authenticated_Success,Tablet,3249,0
PAY_002089,RuPay,Corporate,927.99,Subscription,DE,GB,Match,Authenticated_Success,Mobile_iOS,3224,0
PAY_000057,Visa,Corporate,41.84,Travel_Airlines,US,US,Match,Attempted_NoAuth,Mobile_iOS,915,0
PAY_002025,RuPay,Credit,75.85,Travel_Airlines,SG,SG,Match,Attempted_NoAuth,Tablet,881,0
PAY_000781,RuPay,Corporate,109.74,Travel_Airlines,US,US,Match,Attempted_NoAuth,Tablet,1322,0
PAY_001515,RuPay,Corporate,1472.91,Subscription,SG,SG,Match,Authenticated_Success,Mobile_iOS,2144,0
PAY_002981,Visa,Corporate,6.21,Digital_Gaming,GB,JP,Match,Failed,Tablet,1171,0
PAY_001398,Visa,Credit,45.78,Travel_Airlines,GB,SG,Match,Authenticated_Success,Mobile_Android,453,0
PAY_002025,Visa,Corporate,540.29,Travel_Airlines,CA,DE,Match,Authenticated_Success,Tablet,3331,0
PAY_000282,Visa,Corporate,38.72,Subscription,US,US,Match,Attempted_NoAuth,Mobile_iOS,304,0
PAY_002983,Visa,Corporate,6.23,Food_Beverage,AE,DE,Match,Failed,Tablet,3328,0
PAY_000164,Visa,Corporate,79.25,Travel_Airlines,US,US,Match,Attempted_NoAuth,Mobile_Android,1111,0
PAY_001991,RuPay,Credit,822.70,Subscription,CA,DE,Match,Authenticated_Success,Mobile_iOS,3077,0
PAY_000216,Visa,Corporate,85.37,Travel_Airlines,US,US,Match,Attempted_NoAuth,Mobile_iOS,639,0
PAY_002065,Visa,Corporate,20.05,Apparel,US,US,Match,Authenticated_Success,Tablet,331,0
PAY_000222,Visa,Corporate,47.38,Travel_Airlines,US,US,Match,Attempted_NoAuth,Mobile_Android,217,0
PAY_002799,Visa,Corporate,223.62,Food_Beverage,DE,GB,Match,Authenticated_Success,Mobile_iOS,2452,0
PAY_003000,Visa,Corporate,3.51,Apparel,GB,SG,Match,Failed,Tablet,1995,0
PAY_002987,Visa,Corporate,4.51,Digital_Gaming,IN,JP,Match,Exempt_LowRisk,Tablet,1407,0
PAY_000752,Visa,Corporate,35.23,Subscription,US,US,Match,Attempted_NoAuth,Tablet,263,0
PAY_000871,RuPay,Corporate,124.30,Subscription,US,US,Match,Attempted_NoAuth,Tablet,1493,0
PAY_001515,Visa,Credit,90.40,Travel_Airlines,DE,JP,Match,Authenticated_Success,Mobile_Android,1242,0
PAY_000478,Visa,Corporate,25.53,Luxury_Goods,US,US,Match,Attempted_NoAuth,Tablet,545,0
PAY_000589,Visa,Corporate,59.30,Subscription,US,US,Match,Attempted_NoAuth,Tablet,801,0
PAY_002312,Visa,Corporate,35.85,Apparel,US,US,Match,Attempted_NoAuth,Mobile_iOS,1064,0
PAY_000059,Visa,Corporate,4.50,Travel_Airlines,US,US,Match,Attempted_NoAuth,Tablet,45,0
PAY_000830,RuPay,Credit,277.69,Travel_Airlines,SG,SG,Match,Authenticated_Success,Mobile_Android,622,0
PAY_002822,Visa,Credit,15.90,Travel_Airlines,AU,FR,Match,Authenticated_Success,Mobile_Android,2773,0
PAY_000268,RuPay,Corporate,210.07,Subscription,SG,SG,Match,Authenticated_Success,Tablet,984,0
PAY_000278,Visa,Corporate,174.91,Travel_Airlines,SG,SG,Match,Attempted_NoAuth,Desktop_macOS,1747,0
PAY_002158,Mastercard,Corporate,683.13,Travel_Airlines,SG,SG,Match,Attempted_NoAuth,Tablet,2401,0
PAY_000473,RuPay,Corporate,1173.19,Subscription,JP,JP,Match,Authenticated_Success,Mobile_Android,2283,0
PAY_000643,RuPay,Corporate,12.22,Travel_Airlines,US,US,Match,Attempted_NoAuth,Tablet,109,0
PAY_002922,Visa,Corporate,10.82,Subscription,AU,GB,Match,Exempt_LowRisk,Tablet,1702,0
PAY_002141,RuPay,Corporate,249.46,Electronics,US,US,Match,Authenticated_Success,Tablet,816,0
PAY_000575,RuPay,Corporate,197.24,Travel_Airlines,US,US,Match,Attempted_NoAuth,Mobile_iOS,2022,0
PAY_001497,RuPay,Corporate,1602.14,Subscription,IN,JP,Match,Authenticated_Success,Mobile_Android,2950,0
PAY_002867,Visa,Corporate,18.29,Travel_Airlines,AU,CA,Match,Authenticated_Success,Tablet,2269,0
PAY_002343,Visa,Corporate,14.24,Apparel,SG,US,Match,Authenticated_Success,Mobile_Android,527,0
PAY_002077,Visa,Credit,353.44,Subscription,DE,GB,Match,Authenticated_Success,Mobile_iOS,2699,0
PAY_000087,Visa,Corporate,10.27,Travel_Airlines,US,US,Match,Attempted_NoAuth,Mobile_iOS,96,0
PAY_000089,Visa,Corporate,11.24,Travel_Airlines,US,US,Match,Attempted_NoAuth,Mobile_iOS,71,0
PAY_001009,Visa,Corporate,8.41,Electronics,US,US,Match,Attempted_NoAuth,Tablet,134,0
PAY_002470,RuPay,Credit,485.34,Travel_Airlines,CA,GB,Match,Authenticated_Success,Mobile_iOS,2708,0
PAY_001761,Visa,Credit,99.23,Travel_Airlines,JP,SG,Match,Attempted_NoAuth,Mobile_iOS,911,0
PAY_000282,Visa,Credit,32.68,Travel_Airlines,US,US,Match,Attempted_NoAuth,Mobile_iOS,184,0
PAY_002463,Visa,Corporate,6.68,Electronics,GB,SG,Match,Exempt_LowRisk,Mobile_Android,881,0
PAY_000719,Visa,Credit,995.92,Travel_Airlines,CA,GB,Match,Exempt_LowRisk,Mobile_Android,2207,0
PAY_001498,Visa,Credit,191.99,Travel_Airlines,FR,JP,Match,Attempted_NoAuth,Mobile_Android,3120,0
PAY_002999,Visa,Corporate,3.71,Subscription,AE,AU,Match,Failed,Tablet,3279,0
PAY_000892,RuPay,Corporate,449.96,Travel_Airlines,SG,US,Match,Attempted_NoAuth,Mobile_Android,2357,0
PAY_001698,RuPay,Corporate,1611.43,Travel_Airlines,FR,IN,Mismatch,Authenticated_Success,Mobile_iOS,2751,0
PAY_001332,Visa,Corporate,21.07,Food_Beverage,US,US,Match,Attempted_NoAuth,Tablet,343,0
PAY_000081,Visa,Corporate,5.07,Subscription,US,US,Match,Attempted_NoAuth,Tablet,22,0
PAY_001551,Visa,Corporate,181.10,Travel_Airlines,DE,IN,Match,Authenticated_Success,Tablet,1987,0
PAY_001144,RuPay,Corporate,812.52,Subscription,JP,JP,Match,Authenticated_Success,Mobile_iOS,2636,0
PAY_000338,Visa,Credit,610.87,Travel_Airlines,SG,SG,Match,Attempted_NoAuth,Desktop_macOS,1808,0
PAY_001499,Visa,Credit,792.44,Travel_Airlines,CA,FR,Match,Authenticated_Success,Mobile_iOS,3189,0
PAY_001410,Visa,Credit,52.07,Travel_Airlines,JP,SG,Match,Authenticated_Success,Desktop_macOS,751,0
PAY_000447,Visa,Corporate,144.63,Travel_Airlines,US,US,Match,Attempted_NoAuth,Mobile_iOS,672,0
PAY_000613,Visa,Corporate,35.82,Subscription,US,US,Match,Attempted_NoAuth,Mobile_Android,331,0
PAY_002779,Visa,Corporate,171.45,Electronics,CA,GB,Match,Failed,Mobile_iOS,2360,0
PAY_001593,Visa,Corporate,6.51,Travel_Airlines,GB,SG,Match,Authenticated_Success,Desktop_macOS,1091,0
PAY_000363,RuPay,Corporate,290.42,Travel_Airlines,SG,SG,Match,Attempted_NoAuth,Tablet,1290,0
PAY_002649,Visa,Corporate,17.63,Apparel,US,US,Match,Authenticated_Success,Tablet,866,0
PAY_001118,RuPay,Credit,2056.26,Subscription,IN,IN,Mismatch,Authenticated_Success,Mobile_Android,2306,0
PAY_001219,Visa,Credit,144.80,Travel_Airlines,CA,GB,Match,Authenticated_Success,Mobile_iOS,1377,0
PAY_000207,Visa,Corporate,13.74,Luxury_Goods,US,US,Match,Attempted_NoAuth,Tablet,211,0
PAY_002724,Visa,Corporate,23.84,Apparel,JP,SG,Match,Exempt_LowRisk,Mobile_iOS,1605,0
PAY_000017,Visa,Corporate,9.07,Travel_Airlines,US,US,Match,Attempted_NoAuth,Mobile_iOS,124,0
PAY_000918,RuPay,Credit,1057.73,Subscription,JP,SG,Match,Authenticated_Success,Desktop_macOS,1907,0
PAY_001019,Visa,Credit,790.52,Travel_Airlines,DE,GB,Match,Authenticated_Success,Mobile_Android,2836,0
PAY_000151,Visa,Credit,137.68,Travel_Airlines,SG,SG,Match,Authenticated_Success,Mobile_iOS,326,0
PAY_000440,RuPay,Corporate,355.16,Travel_Airlines,JP,SG,Match,Authenticated_Success,Mobile_iOS,628,0
PAY_002917,Visa,Corporate,52.75,Electronics,FR,JP,Match,Exempt_LowRisk,Mobile_iOS,2704,0
PAY_000834,RuPay,Credit,316.90,Travel_Airlines,SG,SG,Match,Attempted_NoAuth,Mobile_iOS,1517,0
PAY_002940,Visa,Corporate,22.95,Food_Beverage,CA,GB,Match,Exempt_LowRisk,Tablet,2286,0
PAY_001910,Visa,Credit,115.61,Subscription,CA,GB,Match,Exempt_LowRisk,Mobile_iOS,1204,0
PAY_000092,Visa,Corporate,35.93,Travel_Airlines,US,US,Match,Attempted_NoAuth,Mobile_Android,294,0
PAY_000226,RuPay,Corporate,51.12,Travel_Airlines,US,US,Match,Attempted_NoAuth,Tablet,563,0
PAY_002981,Visa,Corporate,29.36,Electronics,IN,SG,Match,Authenticated_Success,Tablet,3239,0
PAY_001825,Visa,Corporate,16.98,Digital_Gaming,US,US,Match,Exempt_LowRisk,Mobile_iOS,358,0
PAY_002824,RuPay,Corporate,108.94,Electronics,JP,JP,Match,Exempt_LowRisk,Tablet,1828,0
PAY_001046,Mastercard,Corporate,791.44,Travel_Airlines,SG,SG,Match,Attempted_NoAuth,Mobile_iOS,1706,0
PAY_001728,RuPay,Corporate,682.23,Luxury_Goods,SG,US,Match,Attempted_NoAuth,Mobile_iOS,2664,0
PAY_002559,Visa,Corporate,5.70,Food_Beverage,US,US,Match,Authenticated_Success,Tablet,267,0
PAY_002270,Visa,Corporate,255.17,Digital_Gaming,SG,US,Match,Authenticated_Success,Mobile_Android,1956,0
PAY_002493,Visa,Corporate,25.43,Apparel,US,US,Match,Authenticated_Success,Tablet,761,0
PAY_000722,Visa,Credit,118.25,Travel_Airlines,US,US,Match,Attempted_NoAuth,Mobile_Android,1131,0
PAY_001225,Visa,Corporate,154.01,Digital_Gaming,SG,US,Match,Exempt_LowRisk,Desktop_macOS,672,0
PAY_001042,RuPay,Corporate,205.96,Food_Beverage,US,US,Match,Attempted_NoAuth,Mobile_iOS,1724,0
PAY_001043,Visa,Corporate,49.87,Digital_Gaming,US,US,Match,Authenticated_Success,Mobile_iOS,730,0
PAY_001291,RuPay,Corporate,1598.14,Subscription,JP,JP,Match,Authenticated_Success,Mobile_iOS,2070,0
PAY_002775,Visa,Corporate,25.82,Apparel,SG,US,Match,Authenticated_Success,Mobile_iOS,1273,0
PAY_000166,RuPay,Corporate,313.80,Travel_Airlines,SG,SG,Match,Authenticated_Success,Mobile_Android,1201,0
PAY_001227,RuPay,Corporate,1204.55,Travel_Airlines,DE,GB,Match,Authenticated_Success,Mobile_iOS,2906,0
PAY_000993,Visa,Corporate,10.94,Digital_Gaming,US,US,Match,Attempted_NoAuth,Mobile_iOS,158,0
PAY_002035,RuPay,Credit,1094.91,Subscription,CA,DE,Match,Exempt_LowRisk,Mobile_iOS,2957,0
PAY_002396,Visa,Corporate,71.69,Subscription,DE,GB,Match,Authenticated_Success,Tablet,1697,0
PAY_000451,RuPay,Corporate,491.11,Travel_Airlines,JP,JP,Match,Authenticated_Success,Mobile_iOS,1577,0
PAY_000125,Visa,Corporate,7.07,Travel_Airlines,US,US,Match,Attempted_NoAuth,Desktop_macOS,104,0
PAY_001854,RuPay,Corporate,1471.10,Subscription,SG,SG,Match,Attempted_NoAuth,Mobile_Android,2583,0
PAY_002442,Visa,Corporate,240.24,Travel_Airlines,AE,AU,Match,Authenticated_Success,Tablet,3360,0
PAY_000303,Visa,Corporate,120.58,Travel_Airlines,US,US,Match,Attempted_NoAuth,Mobile_iOS,489,0
PAY_002315,Visa,Corporate,262.12,Travel_Airlines,AE,AU,Match,Authenticated_Success,Tablet,3443,0
PAY_000768,RuPay,Credit,497.93,Travel_Airlines,SG,SG,Match,Authenticated_Success,Mobile_iOS,723,0
PAY_002869,Visa,Corporate,17.24,Subscription,AU,DE,Match,Exempt_LowRisk,Tablet,2523,0
PAY_000296,RuPay,Corporate,408.74,Travel_Airlines,SG,SG,Match,Attempted_NoAuth,Mobile_iOS,2292,0
PAY_002079,RuPay,Credit,498.74,Travel_Airlines,FR,GB,Match,Authenticated_Success,Mobile_iOS,2739,0
PAY_002892,Visa,Corporate,76.84,Electronics,IN,SG,Match,Authenticated_Success,Mobile_iOS,3309,0
PAY_000968,RuPay,Credit,387.94,Travel_Airlines,US,SG,Match,Attempted_NoAuth,Mobile_Android,1121,0
PAY_000973,RuPay,Credit,547.92,Travel_Airlines,SG,SG,Match,Attempted_NoAuth,Mobile_Android,1788,0
PAY_002303,Visa,Corporate,12.56,Digital_Gaming,US,US,Match,Authenticated_Success,Mobile_Android,342,0
PAY_002661,Visa,Corporate,105.32,Apparel,US,US,Match,Authenticated_Success,Mobile_iOS,2033,0
PAY_000442,RuPay,Corporate,95.01,Travel_Airlines,US,US,Match,Authenticated_Success,Tablet,327,0
PAY_001987,RuPay,Corporate,418.07,Travel_Airlines,SG,SG,Match,Attempted_NoAuth,Mobile_iOS,2633,0
PAY_000049,Visa,Corporate,59.74,Travel_Airlines,US,US,Match,Attempted_NoAuth,Desktop_macOS,471,0
PAY_002813,Visa,Corporate,378.27,Electronics,GB,IN,Match,Exempt_LowRisk,Mobile_iOS,2481,0
PAY_001410,RuPay,Credit,2428.85,Subscription,DE,GB,Mismatch,Authenticated_Success,Mobile_Android,2720,0
PAY_001261,Visa,Corporate,101.36,Food_Beverage,US,US,Match,Attempted_NoAuth,Tablet,1604,0
PAY_000148,Visa,Credit,80.01,Travel_Airlines,IN,SG,Match,Authenticated_Success,Mobile_Android,708,0
PAY_000795,Visa,Corporate,11.35,Subscription,US,US,Match,Attempted_NoAuth,Tablet,171,0
PAY_001125,Visa,Corporate,11.42,Digital_Gaming,US,US,Match,Authenticated_Success,Tablet,204,0
PAY_001535,Visa,Corporate,36.14,Electronics,US,US,Match,Attempted_NoAuth,Mobile_iOS,647,0
PAY_001590,RuPay,Corporate,474.89,Travel_Airlines,IN,IN,Match,Attempted_NoAuth,Tablet,3317,0
PAY_001224,RuPay,Corporate,416.07,Subscription,US,SG,Match,Attempted_NoAuth,Mobile_iOS,1873,0
PAY_002958,Visa,Corporate,23.56,Subscription,CA,FR,Match,Authenticated_Success,Tablet,2923,0
PAY_002649,RuPay,Corporate,20.14,Subscription,US,SG,Match,Attempted_NoAuth,Tablet,527,0
PAY_002999,Visa,Corporate,3.70,Apparel,JP,SG,Match,Failed,Tablet,2310,0
PAY_000182,Visa,Corporate,13.29,Travel_Airlines,US,US,Match,Attempted_NoAuth,Tablet,127,0
PAY_001276,RuPay,Corporate,308.13,Subscription,SG,SG,Match,Attempted_NoAuth,Mobile_iOS,2341,0
PAY_002708,Visa,Corporate,366.39,Food_Beverage,DE,IN,Match,Exempt_LowRisk,Mobile_iOS,2392,0
PAY_002954,Visa,Corporate,4.38,Apparel,SG,US,Match,Exempt_LowRisk,Mobile_iOS,382,0
PAY_000502,Visa,Corporate,15.72,Travel_Airlines,US,US,Match,Attempted_NoAuth,Tablet,115,0
PAY_001308,RuPay,Corporate,247.15,Subscription,JP,JP,Match,Authenticated_Success,Tablet,2797,0
PAY_001355,RuPay,Corporate,43.58,Travel_Airlines,US,US,Match,Attempted_NoAuth,Tablet,309,0
PAY_002892,Visa,Corporate,63.22,Electronics,CA,FR,Match,Failed,Mobile_iOS,3150,0
PAY_001972,Visa,Corporate,752.15,Travel_Airlines,DE,IN,Match,Attempted_NoAuth,Mobile_iOS,3118,0
PAY_001026,RuPay,Corporate,462.04,Subscription,US,SG,Match,Attempted_NoAuth,Mobile_iOS,2735,0
PAY_002987,Visa,Corporate,8.17,Luxury_Goods,AE,AU,Match,Failed,Tablet,3245,0
PAY_002915,Visa,Corporate,42.19,Luxury_Goods,CA,JP,Match,Authenticated_Success,Mobile_iOS,3406,0
PAY_001117,RuPay,Corporate,179.51,Travel_Airlines,US,SG,Match,Attempted_NoAuth,Tablet,877,0
PAY_002574,Visa,Corporate,53.19,Electronics,SG,US,Match,Authenticated_Success,Mobile_iOS,407,0
PAY_001413,RuPay,Corporate,472.97,Subscription,SG,SG,Match,Attempted_NoAuth,Mobile_iOS,2346,0
PAY_002933,Visa,Corporate,20.52,Travel_Airlines,AE,AU,Match,Authenticated_Success,Tablet,3545,0
PAY_000150,Visa,Corporate,92.89,Subscription,US,US,Match,Attempted_NoAuth,Desktop_macOS,1052,0
PAY_001652,RuPay,Credit,1132.08,Subscription,DE,IN,Match,Authenticated_Success,Mobile_Android,3152,0
PAY_001467,Visa,Credit,64.40,Travel_Airlines,AU,DE,Match,Exempt_LowRisk,Mobile_iOS,2163,0
PAY_002928,Visa,Corporate,22.34,Electronics,AU,FR,Match,Failed,Mobile_iOS,2633,0
PAY_000058,Visa,Corporate,14.55,Luxury_Goods,US,US,Match,Attempted_NoAuth,Mobile_iOS,213,0
PAY_002608,Visa,Corporate,422.52,Electronics,GB,IN,Match,Exempt_LowRisk,Mobile_iOS,2616,0
PAY_002269,RuPay,Credit,267.75,Subscription,JP,SG,Match,Authenticated_Success,Tablet,990,0
PAY_000371,Visa,Credit,111.44,Travel_Airlines,US,US,Match,Attempted_NoAuth,Mobile_Android,1278,0
PAY_002136,Mastercard,Corporate,136.05,Luxury_Goods,US,US,Match,Attempted_NoAuth,Tablet,1624,0
PAY_000122,Visa,Corporate,91.78,Travel_Airlines,US,US,Match,Attempted_NoAuth,Desktop_macOS,601,0
PAY_000555,Visa,Credit,348.29,Travel_Airlines,JP,SG,Match,Authenticated_Success,Desktop_macOS,1377,0
PAY_000261,Visa,Corporate,38.64,Subscription,US,US,Match,Attempted_NoAuth,Tablet,447,0
PAY_001975,Visa,Credit,560.36,Food_Beverage,CA,FR,Match,Exempt_LowRisk,Mobile_iOS,2280,0
PAY_000313,Visa,Credit,326.31,Travel_Airlines,GB,JP,Match,Authenticated_Success,Mobile_iOS,1581,0
PAY_000092,Visa,Corporate,108.55,Travel_Airlines,SG,US,Match,Attempted_NoAuth,Mobile_Android,697,0
PAY_000894,RuPay,Corporate,467.92,Travel_Airlines,US,SG,Match,Attempted_NoAuth,Mobile_iOS,2173,0
PAY_001389,RuPay,Corporate,165.82,Travel_Airlines,SG,SG,Match,Authenticated_Success,Tablet,631,0
PAY_001151,Visa,Corporate,183.97,Luxury_Goods,US,US,Match,Attempted_NoAuth,Mobile_Android,2517,0
PAY_000050,Visa,Corporate,69.72,Travel_Airlines,US,US,Match,Attempted_NoAuth,Desktop_macOS,411,0
PAY_002370,RuPay,Corporate,186.25,Subscription,IN,IN,Match,Authenticated_Success,Tablet,1928,0
PAY_001231,RuPay,Corporate,1493.38,Subscription,IN,JP,Match,Authenticated_Success,Mobile_Android,2951,0
PAY_000077,Visa,Corporate,8.09,Travel_Airlines,US,US,Match,Attempted_NoAuth,Mobile_iOS,35,0
PAY_002708,Visa,Corporate,252.10,Travel_Airlines,AU,DE,Match,Authenticated_Success,Tablet,3451,0
PAY_000375,Visa,Corporate,8.13,Travel_Airlines,US,US,Match,Attempted_NoAuth,Mobile_Android,92,0
PAY_002210,RuPay,Corporate,337.42,Electronics,SG,US,Match,Authenticated_Success,Mobile_iOS,1560,0
PAY_002139,Visa,Corporate,5.72,Apparel,US,US,Match,Authenticated_Success,Mobile_iOS,140,0
PAY_000037,Visa,Corporate,9.25,Travel_Airlines,US,US,Match,Attempted_NoAuth,Mobile_iOS,98,0
PAY_002728,Visa,Corporate,97.28,Food_Beverage,CA,GB,Match,Failed,Mobile_Android,2048,0
PAY_000161,Visa,Credit,77.38,Travel_Airlines,US,US,Match,Attempted_NoAuth,Mobile_iOS,353,0
PAY_001948,Visa,Corporate,447.27,Digital_Gaming,SG,SG,Match,Authenticated_Success,Mobile_Android,1670,0
PAY_002461,Visa,Credit,551.30,Subscription,IN,SG,Match,Attempted_NoAuth,Mobile_Android,2723,0
PAY_002604,RuPay,Corporate,654.30,Subscription,FR,IN,Match,Authenticated_Success,Mobile_iOS,3169,0
PAY_000245,Visa,Corporate,66.63,Travel_Airlines,US,US,Match,Attempted_NoAuth,Mobile_iOS,1245,0
PAY_000055,Visa,Corporate,4.95,Travel_Airlines,SG,US,Match,Authenticated_Success,Mobile_Android,50,0
PAY_002646,Visa,Corporate,35.92,Apparel,US,US,Match,Authenticated_Success,Mobile_iOS,798,0
PAY_002755,Visa,Corporate,284.77,Subscription,CA,FR,Match,Exempt_LowRisk,Tablet,2594,0
PAY_000577,Visa,Credit,379.86,Travel_Airlines,SG,SG,Match,Attempted_NoAuth,Mobile_Android,1584,0
PAY_002957,Visa,Corporate,11.75,Apparel,IN,SG,Match,Exempt_LowRisk,Tablet,2645,0
PAY_001205,RuPay,Credit,2196.98,Subscription,GB,IN,Match,Authenticated_Success,Desktop_macOS,2554,0
PAY_000024,Visa,Corporate,6.83,Travel_Airlines,US,US,Match,Attempted_NoAuth,Mobile_iOS,52,0
PAY_000250,Visa,Corporate,20.52,Subscription,US,US,Match,Attempted_NoAuth,Mobile_iOS,491,0
PAY_000346,Visa,Corporate,11.48,Luxury_Goods,US,US,Match,Authenticated_Success,Desktop_macOS,144,0
PAY_002934,Visa,Corporate,30.87,Digital_Gaming,DE,IN,Match,Failed,Mobile_iOS,2656,0
PAY_000431,Visa,Credit,994.60,Subscription,IN,JP,Match,Authenticated_Success,Desktop_macOS,1720,0
PAY_001203,RuPay,Credit,1369.73,Subscription,DE,FR,Match,Authenticated_Success,Mobile_Android,2500,0
PAY_000190,Visa,Corporate,19.18,Subscription,US,US,Match,Attempted_NoAuth,Tablet,404,0
PAY_001904,RuPay,Corporate,762.35,Electronics,SG,SG,Match,Authenticated_Success,Mobile_iOS,1182,0
PAY_000152,Visa,Corporate,186.84,Travel_Airlines,SG,SG,Match,Authenticated_Success,Mobile_Android,1034,0
PAY_002931,Visa,Corporate,23.33,Travel_Airlines,AE,AU,Match,Exempt_LowRisk,Tablet,3452,0
PAY_001497,RuPay,Credit,1686.99,Food_Beverage,IN,IN,Match,Authenticated_Success,Mobile_Android,2457,0
PAY_001362,RuPay,Corporate,119.78,Food_Beverage,SG,SG,Match,Authenticated_Success,Tablet,777,0
PAY_001409,Visa,Corporate,20.37,Subscription,SG,SG,Match,Authenticated_Success,Mobile_iOS,387,0
PAY_000483,Visa,Corporate,25.91,Digital_Gaming,US,US,Match,Attempted_NoAuth,Mobile_Android,482,0
PAY_000080,Visa,Corporate,11.04,Travel_Airlines,US,US,Match,Attempted_NoAuth,Tablet,118,0
PAY_002817,Visa,Corporate,94.31,Electronics,IN,IN,Match,Authenticated_Success,Tablet,2905,0
PAY_000067,Visa,Corporate,93.40,Travel_Airlines,US,US,Match,Attempted_NoAuth,Desktop_macOS,1259,0
PAY_000119,Visa,Corporate,55.46,Travel_Airlines,US,US,Match,Attempted_NoAuth,Mobile_Android,538,0
PAY_001060,RuPay,Corporate,880.07,Luxury_Goods,SG,SG,Match,Authenticated_Success,Mobile_Android,2627,0
PAY_000085,Visa,Corporate,36.48,Travel_Airlines,US,US,Match,Attempted_NoAuth,Mobile_iOS,195,0
PAY_000204,Visa,Credit,229.78,Subscription,SG,SG,Match,Authenticated_Success,Mobile_Android,664,0
PAY_002989,Visa,Corporate,3.64,Luxury_Goods,DE,JP,Match,Exempt_LowRisk,Tablet,436,0
PAY_002264,RuPay,Corporate,429.59,Electronics,SG,SG,Match,Authenticated_Success,Mobile_Android,1921,0
PAY_002953,Visa,Corporate,16.89,Digital_Gaming,IN,JP,Match,Exempt_LowRisk,Tablet,1613,0
PAY_000348,Visa,Corporate,619.42,Food_Beverage,SG,SG,Match,Authenticated_Success,Mobile_Android,1161,0
PAY_000572,Visa,Corporate,333.73,Luxury_Goods,US,US,Match,Authenticated_Success,Desktop_macOS,1801,0
PAY_001247,RuPay,Credit,841.01,Travel_Airlines,FR,IN,Match,Authenticated_Success,Mobile_iOS,2769,0
PAY_001508,Visa,Credit,71.57,Travel_Airlines,JP,SG,Match,Attempted_NoAuth,Mobile_iOS,412,0
PAY_001814,RuPay,Corporate,1160.62,Subscription,IN,JP,Match,Authenticated_Success,Mobile_Android,3111,0
PAY_001887,Visa,Corporate,621.64,Electronics,SG,SG,Match,Authenticated_Success,Desktop_macOS,2012,0
PAY_000403,RuPay,Corporate,607.81,Travel_Airlines,SG,SG,Match,Attempted_NoAuth,Mobile_Android,1707,0
PAY_000935,RuPay,Corporate,51.26,Travel_Airlines,US,US,Match,Attempted_NoAuth,Tablet,358,0
PAY_002936,Visa,Corporate,18.16,Digital_Gaming,IN,JP,Match,Exempt_LowRisk,Tablet,2190,0
PAY_002348,RuPay,Corporate,473.34,Food_Beverage,SG,US,Match,Attempted_NoAuth,Mobile_Android,2588,0
PAY_002827,Visa,Corporate,94.61,Subscription,DE,FR,Match,Authenticated_Success,Tablet,2647,0
PAY_000721,RuPay,Corporate,716.01,Travel_Airlines,SG,SG,Match,Attempted_NoAuth,Mobile_Android,2509,0
PAY_002989,Visa,Corporate,4.22,Apparel,SG,US,Match,Exempt_LowRisk,Tablet,1075,0
PAY_002762,Visa,Corporate,40.36,Apparel,SG,SG,Match,Exempt_LowRisk,Mobile_iOS,1245,0
PAY_002391,Visa,Corporate,179.11,Travel_Airlines,AE,CA,Match,Authenticated_Success,Mobile_iOS,3425,0
PAY_000551,RuPay,Corporate,1379.49,Subscription,JP,JP,Match,Authenticated_Success,Mobile_Android,2162,0
PAY_001149,Visa,Corporate,11.19,Subscription,SG,US,Match,Authenticated_Success,Mobile_iOS,93,0
PAY_002333,Visa,Corporate,671.21,Food_Beverage,IN,JP,Match,Authenticated_Success,Mobile_Android,2419,0
PAY_000294,RuPay,Corporate,489.70,Subscription,SG,SG,Match,Authenticated_Success,Mobile_iOS,1572,0
PAY_000250,Visa,Corporate,22.98,Travel_Airlines,US,US,Match,Attempted_NoAuth,Desktop_macOS,650,0
PAY_001608,RuPay,Corporate,97.44,Luxury_Goods,US,US,Match,Attempted_NoAuth,Tablet,1253,0
PAY_000242,Visa,Corporate,305.60,Travel_Airlines,US,US,Match,Attempted_NoAuth,Desktop_macOS,1544,0
PAY_000315,Visa,Corporate,9.49,Luxury_Goods,US,US,Match,Attempted_NoAuth,Mobile_iOS,165,0
PAY_002642,RuPay,Corporate,125.62,Digital_Gaming,US,US,Match,Attempted_NoAuth,Mobile_iOS,1807,0
PAY_001000,RuPay,Credit,1626.48,Subscription,GB,IN,Match,Authenticated_Success,Mobile_Android,1551,0
PAY_002967,Visa,Corporate,23.00,Luxury_Goods,AU,FR,Match,Exempt_LowRisk,Tablet,3271,0
PAY_002937,Visa,Corporate,8.21,Food_Beverage,GB,JP,Match,Authenticated_Success,Tablet,1582,0
PAY_000525,RuPay,Corporate,340.93,Travel_Airlines,US,SG,Match,Attempted_NoAuth,Mobile_Android,1699,0
PAY_001320,RuPay,Corporate,499.37,Subscription,SG,US,Match,Attempted_NoAuth,Mobile_iOS,2915,0
PAY_000176,Visa,Corporate,150.23,Subscription,US,US,Match,Attempted_NoAuth,Mobile_Android,458,0
PAY_000279,Visa,Corporate,14.16,Food_Beverage,US,US,Match,Attempted_NoAuth,Mobile_iOS,185,0
PAY_001270,RuPay,Credit,1502.87,Travel_Airlines,FR,GB,Match,Authenticated_Success,Mobile_Android,2860,0
PAY_000166,Visa,Corporate,5.88,Travel_Airlines,US,US,Match,Attempted_NoAuth,Mobile_iOS,25,0
PAY_002556,Visa,Credit,40.75,Luxury_Goods,IN,JP,Match,Authenticated_Success,Tablet,1058,0
PAY_000306,Visa,Corporate,227.95,Food_Beverage,SG,US,Match,Authenticated_Success,Mobile_Android,1215,0
PAY_000751,Visa,Corporate,355.84,Luxury_Goods,US,US,Match,Attempted_NoAuth,Mobile_Android,1624,0
PAY_000228,RuPay,Corporate,50.35,Travel_Airlines,US,US,Match,Attempted_NoAuth,Tablet,738,0
PAY_001645,RuPay,Corporate,825.00,Travel_Airlines,GB,JP,Match,Attempted_NoAuth,Mobile_Android,3239,0
PAY_001495,RuPay,Credit,319.46,Travel_Airlines,JP,JP,Match,Attempted_NoAuth,Tablet,1444,0
PAY_001992,RuPay,Corporate,1498.75,Subscription,JP,JP,Match,Authenticated_Success,Mobile_iOS,2886,0
PAY_000681,RuPay,Corporate,633.37,Food_Beverage,SG,SG,Match,Exempt_LowRisk,Mobile_iOS,1432,0
PAY_002459,RuPay,Credit,754.69,Subscription,DE,GB,Match,Authenticated_Success,Mobile_iOS,3125,0
PAY_000338,Visa,Corporate,22.96,Subscription,US,US,Match,Attempted_NoAuth,Tablet,864,0
PAY_000507,Visa,Corporate,249.26,Travel_Airlines,US,US,Match,Attempted_NoAuth,Mobile_Android,2187,0
PAY_002783,RuPay,Corporate,246.06,Food_Beverage,IN,JP,Match,Authenticated_Success,Tablet,3189,0
PAY_000344,RuPay,Corporate,702.19,Subscription,SG,SG,Match,Authenticated_Success,Mobile_Android,848,0
PAY_002312,Visa,Corporate,160.09,Digital_Gaming,US,US,Match,Authenticated_Success,Mobile_iOS,1789,0
PAY_000944,Visa,Corporate,39.40,Travel_Airlines,SG,SG,Match,Attempted_NoAuth,Tablet,252,0
PAY_000141,Visa,Corporate,60.85,Subscription,US,US,Match,Attempted_NoAuth,Desktop_macOS,1693,0
PAY_001938,Visa,Corporate,60.04,Electronics,US,US,Match,Authenticated_Success,Tablet,502,0
PAY_001594,RuPay,Corporate,53.51,Subscription,US,US,Match,Attempted_NoAuth,Tablet,431,0
PAY_002889,Visa,Corporate,8.77,Apparel,US,US,Match,Exempt_LowRisk,Tablet,430,0
PAY_001295,RuPay,Corporate,1802.32,Subscription,GB,IN,Match,Authenticated_Success,Mobile_Android,2677,0
PAY_002327,Visa,Corporate,4.24,Food_Beverage,US,US,Match,Authenticated_Success,Tablet,40,0
PAY_000894,RuPay,Corporate,171.77,Subscription,US,US,Match,Attempted_NoAuth,Tablet,1304,0
PAY_002686,Visa,Corporate,20.43,Digital_Gaming,US,US,Match,Attempted_NoAuth,Tablet,571,0
PAY_000358,Visa,Corporate,332.01,Travel_Airlines,US,SG,Match,Attempted_NoAuth,Mobile_Android,2406,0
PAY_002892,Visa,Corporate,4.92,Travel_Airlines,AE,CA,Match,Exempt_LowRisk,Mobile_iOS,2812,0
PAY_000653,RuPay,Corporate,738.33,Travel_Airlines,SG,SG,Match,Authenticated_Success,Mobile_iOS,2080,0
PAY_002226,RuPay,Credit,1366.54,Subscription,IN,JP,Match,Attempted_NoAuth,Mobile_iOS,2952,0
PAY_000981,RuPay,Corporate,596.04,Travel_Airlines,SG,SG,Match,Attempted_NoAuth,Mobile_iOS,2571,0
PAY_000552,RuPay,Corporate,106.05,Travel_Airlines,US,US,Match,Attempted_NoAuth,Tablet,1107,0
PAY_002473,RuPay,Corporate,552.11,Luxury_Goods,IN,SG,Match,Authenticated_Success,Mobile_iOS,3048,0
PAY_001795,Visa,Corporate,42.15,Digital_Gaming,SG,US,Match,Authenticated_Success,Mobile_Android,892,0
PAY_000127,Visa,Corporate,169.72,Subscription,US,US,Match,Attempted_NoAuth,Desktop_macOS,1000,0
PAY_002730,RuPay,Corporate,121.21,Luxury_Goods,IN,GB,Match,Authenticated_Success,Tablet,2196,0
PAY_002232,Visa,Corporate,15.28,Electronics,IN,SG,Match,Exempt_LowRisk,Mobile_Android,422,0
PAY_000781,Visa,Corporate,280.07,Subscription,SG,US,Match,Attempted_NoAuth,Desktop_macOS,1865,0
PAY_002835,Visa,Corporate,35.97,Subscription,AE,AU,Match,Exempt_LowRisk,Mobile_iOS,3398,0
PAY_001547,Mastercard,Corporate,1516.95,Subscription,JP,JP,Match,Authenticated_Success,Mobile_iOS,2565,0
PAY_000436,Visa,Corporate,298.27,Travel_Airlines,SG,US,Match,Attempted_NoAuth,Mobile_Android,928,0
PAY_002073,RuPay,Corporate,383.68,Electronics,SG,US,Match,Authenticated_Success,Mobile_iOS,1532,0
PAY_000474,Visa,Corporate,4.78,Subscription,US,US,Match,Authenticated_Success,Mobile_Android,79,0
PAY_002411,Visa,Credit,37.52,Travel_Airlines,AE,AU,Match,Authenticated_Success,Tablet,3230,0
PAY_002918,Visa,Corporate,68.45,Food_Beverage,CA,IN,Match,Exempt_LowRisk,Mobile_iOS,3416,0
PAY_001972,RuPay,Credit,1057.44,Travel_Airlines,SG,SG,Match,Attempted_NoAuth,Mobile_iOS,2439,0
PAY_001049,RuPay,Corporate,1397.77,Travel_Airlines,DE,FR,Match,Authenticated_Success,Mobile_Android,3109,0
PAY_000331,Visa,Corporate,53.53,Travel_Airlines,US,US,Match,Attempted_NoAuth,Tablet,336,0
PAY_001886,Mastercard,Corporate,1048.03,Luxury_Goods,JP,JP,Match,Authenticated_Success,Tablet,1994,0
PAY_001207,RuPay,Corporate,785.48,Subscription,JP,JP,Match,Authenticated_Success,Mobile_iOS,2593,0
PAY_001347,RuPay,Credit,1344.70,Travel_Airlines,DE,FR,Match,Authenticated_Success,Mobile_iOS,2507,0
PAY_001166,RuPay,Credit,654.70,Luxury_Goods,SG,SG,Match,Authenticated_Success,Mobile_Android,822,0
PAY_000252,Visa,Corporate,17.24,Luxury_Goods,US,US,Match,Attempted_NoAuth,Mobile_iOS,328,0
PAY_000413,Visa,Corporate,13.75,Travel_Airlines,US,US,Match,Attempted_NoAuth,Tablet,72,0
PAY_002224,Visa,Corporate,9.67,Apparel,US,US,Match,Authenticated_Success,Mobile_iOS,249,0
PAY_000140,Visa,Corporate,5.86,Travel_Airlines,US,US,Match,Attempted_NoAuth,Tablet,18,0
PAY_001508,Visa,Credit,499.49,Travel_Airlines,IN,SG,Match,Attempted_NoAuth,Mobile_Android,2500,0
PAY_001814,Visa,Corporate,23.54,Apparel,US,US,Match,Authenticated_Success,Mobile_iOS,352,0
PAY_001964,RuPay,Credit,1631.61,Luxury_Goods,FR,GB,Match,Exempt_LowRisk,Mobile_iOS,1654,0
PAY_002713,Visa,Corporate,5.72,Electronics,US,US,Match,Authenticated_Success,Tablet,130,0
PAY_000209,Visa,Corporate,279.68,Travel_Airlines,SG,SG,Match,Attempted_NoAuth,Mobile_Android,1386,0
PAY_002104,RuPay,Corporate,792.67,Food_Beverage,IN,JP,Match,Authenticated_Success,Mobile_iOS,2542,0
PAY_000264,Visa,Credit,29.45,Travel_Airlines,SG,US,Match,Attempted_NoAuth,Mobile_Android,302,0
PAY_001805,RuPay,Corporate,1314.27,Luxury_Goods,JP,JP,Match,Authenticated_Success,Mobile_iOS,2483,0
PAY_001361,Mastercard,Corporate,296.42,Subscription,US,SG,Match,Attempted_NoAuth,Tablet,1243,0
PAY_000305,RuPay,Corporate,152.90,Travel_Airlines,SG,US,Match,Attempted_NoAuth,Mobile_iOS,1039,0
PAY_002776,Visa,Corporate,122.85,Subscription,CA,FR,Match,Authenticated_Success,Mobile_iOS,3357,0
PAY_000187,Visa,Credit,175.19,Travel_Airlines,JP,SG,Match,Attempted_NoAuth,Desktop_macOS,1375,0
PAY_001402,RuPay,Corporate,478.52,Food_Beverage,SG,SG,Match,Authenticated_Success,Mobile_iOS,1959,0
PAY_002311,RuPay,Credit,845.58,Subscription,GB,IN,Match,Authenticated_Success,Mobile_iOS,2791,0
PAY_001611,RuPay,Corporate,576.56,Luxury_Goods,US,SG,Match,Authenticated_Success,Tablet,1734,0
PAY_002979,Visa,Corporate,6.22,Apparel,JP,US,Match,Exempt_LowRisk,Tablet,2567,0
PAY_001162,RuPay,Corporate,82.58,Subscription,US,US,Match,Attempted_NoAuth,Tablet,406,0
PAY_001564,RuPay,Corporate,706.33,Luxury_Goods,JP,JP,Match,Authenticated_Success,Mobile_iOS,1741,0
PAY_002928,Visa,Corporate,11.36,Digital_Gaming,JP,SG,Match,Authenticated_Success,Tablet,1220,0
PAY_000783,Visa,Corporate,6.68,Subscription,US,US,Match,Authenticated_Success,Tablet,41,0
PAY_002824,Visa,Corporate,87.78,Apparel,SG,SG,Match,Exempt_LowRisk,Tablet,914,0
PAY_001034,Visa,Credit,716.95,Travel_Airlines,DE,GB,Match,Authenticated_Success,Mobile_Android,2712,0
PAY_000415,Visa,Credit,33.91,Travel_Airlines,US,US,Match,Attempted_NoAuth,Mobile_Android,288,0
PAY_000314,Visa,Corporate,57.96,Travel_Airlines,US,US,Match,Attempted_NoAuth,Tablet,661,0
PAY_001110,Visa,Credit,1504.21,Subscription,DE,FR,Match,Exempt_LowRisk,Mobile_Android,2627,0
PAY_000246,Visa,Corporate,52.54,Electronics,US,US,Match,Attempted_NoAuth,Mobile_iOS,896,0
PAY_001146,Visa,Corporate,303.21,Digital_Gaming,US,US,Match,Authenticated_Success,Mobile_Android,1741,0
PAY_002775,Visa,Corporate,5.18,Apparel,US,US,Match,Authenticated_Success,Tablet,282,0
PAY_000665,RuPay,Corporate,782.02,Travel_Airlines,JP,SG,Match,Attempted_NoAuth,Mobile_Android,2634,0
PAY_000820,Visa,Corporate,145.25,Subscription,SG,SG,Match,Authenticated_Success,Tablet,679,0
PAY_002738,Visa,Corporate,131.50,Apparel,SG,SG,Match,Exempt_LowRisk,Mobile_iOS,1444,0
PAY_002925,Visa,Corporate,64.40,Subscription,AU,FR,Match,Exempt_LowRisk,Mobile_iOS,3465,0
PAY_001235,Visa,Corporate,207.67,Travel_Airlines,FR,IN,Match,Attempted_NoAuth,Tablet,2132,0
PAY_000068,Visa,Corporate,12.10,Travel_Airlines,US,US,Match,Attempted_NoAuth,Mobile_Android,76,0
PAY_002674,Visa,Corporate,189.67,Subscription,AU,DE,Match,Authenticated_Success,Mobile_iOS,3302,0
PAY_000319,Visa,Corporate,212.79,Subscription,US,US,Match,Authenticated_Success,Mobile_Android,701,0
PAY_002421,Visa,Credit,32.82,Travel_Airlines,FR,SG,Match,Attempted_NoAuth,Mobile_iOS,1373,0
PAY_000138,Visa,Corporate,82.50,Travel_Airlines,US,US,Match,Attempted_NoAuth,Mobile_iOS,1227,0
PAY_000764,Visa,Corporate,44.05,Food_Beverage,US,US,Match,Authenticated_Success,Tablet,428,0
PAY_002106,Visa,Corporate,18.71,Apparel,US,US,Match,Attempted_NoAuth,Tablet,545,0
PAY_001742,RuPay,Corporate,741.06,Food_Beverage,JP,SG,Match,Authenticated_Success,Mobile_iOS,2353,0
PAY_001058,Visa,Corporate,133.83,Food_Beverage,US,US,Match,Attempted_NoAuth,Mobile_iOS,2530,0
PAY_000428,Visa,Corporate,11.79,Food_Beverage,US,US,Match,Attempted_NoAuth,Tablet,269,0
PAY_001464,RuPay,Corporate,1594.56,Travel_Airlines,IN,JP,Match,Authenticated_Success,Mobile_Android,2979,0
PAY_000426,RuPay,Corporate,500.46,Travel_Airlines,SG,SG,Match,Attempted_NoAuth,Mobile_Android,2157,0
PAY_000071,Visa,Corporate,31.53,Travel_Airlines,US,US,Match,Attempted_NoAuth,Mobile_Android,592,0
PAY_001623,RuPay,Corporate,777.56,Electronics,IN,IN,Match,Exempt_LowRisk,Mobile_iOS,1636,0
PAY_002126,RuPay,Corporate,755.41,Food_Beverage,FR,IN,Match,Exempt_LowRisk,Mobile_iOS,1944,0
PAY_001529,Visa,Corporate,59.08,Travel_Airlines,SG,SG,Match,Attempted_NoAuth,Tablet,798,0
PAY_000328,Visa,Corporate,198.64,Subscription,SG,US,Match,Attempted_NoAuth,Desktop_macOS,908,0
PAY_000586,Visa,Corporate,488.09,Subscription,SG,SG,Match,Attempted_NoAuth,Mobile_Android,2263,0
PAY_002626,Visa,Corporate,77.65,Travel_Airlines,AE,DE,Match,Exempt_LowRisk,Mobile_iOS,2159,0
PAY_002755,Visa,Credit,12.18,Travel_Airlines,AE,AU,Match,Authenticated_Success,Tablet,3305,0
PAY_000356,Visa,Credit,510.86,Travel_Airlines,SG,SG,Match,Authenticated_Success,Mobile_Android,1198,0
PAY_002565,Visa,Credit,471.16,Luxury_Goods,AU,CA,Match,Exempt_LowRisk,Mobile_iOS,2943,0
PAY_000925,RuPay,Corporate,1004.02,Subscription,SG,SG,Match,Attempted_NoAuth,Mobile_iOS,1415,0
PAY_002459,RuPay,Corporate,376.90,Electronics,SG,US,Match,Attempted_NoAuth,Mobile_iOS,3107,0
PAY_001671,Visa,Corporate,6.13,Digital_Gaming,US,US,Match,Authenticated_Success,Tablet,81,0
PAY_000383,Visa,Corporate,91.58,Luxury_Goods,US,US,Match,Attempted_NoAuth,Mobile_iOS,447,0
PAY_002554,RuPay,Corporate,322.58,Luxury_Goods,SG,US,Match,Attempted_NoAuth,Mobile_iOS,3147,0
PAY_000826,RuPay,Corporate,1560.86,Subscription,JP,JP,Match,Authenticated_Success,Mobile_Android,1842,0
PAY_000833,RuPay,Corporate,404.92,Travel_Airlines,SG,SG,Match,Attempted_NoAuth,Mobile_iOS,1325,0
PAY_001487,RuPay,Corporate,153.48,Subscription,US,US,Match,Attempted_NoAuth,Mobile_iOS,2213,0
PAY_002669,RuPay,Corporate,454.63,Food_Beverage,JP,SG,Match,Authenticated_Success,Mobile_iOS,2902,0
PAY_002953,Visa,Corporate,11.26,Digital_Gaming,GB,JP,Match,Exempt_LowRisk,Tablet,2175,0
PAY_001228,Visa,Credit,148.81,Travel_Airlines,FR,JP,Match,Authenticated_Success,Tablet,932,0
PAY_002521,Visa,Corporate,265.47,Travel_Airlines,DE,IN,Match,Authenticated_Success,Mobile_Android,3388,0
PAY_001576,Visa,Corporate,240.76,Subscription,JP,SG,Match,Authenticated_Success,Desktop_macOS,1578,0
PAY_000240,Visa,Corporate,15.47,Subscription,US,US,Match,Attempted_NoAuth,Mobile_iOS,225,0
PAY_000695,Visa,Corporate,49.82,Travel_Airlines,US,US,Match,Attempted_NoAuth,Mobile_iOS,315,0
PAY_000151,Visa,Corporate,259.52,Luxury_Goods,SG,SG,Match,Authenticated_Success,Mobile_Android,904,0
PAY_001277,Visa,Corporate,801.09,Luxury_Goods,SG,SG,Match,Authenticated_Success,Mobile_Android,2780,0
PAY_000117,Visa,Corporate,28.53,Travel_Airlines,US,US,Match,Attempted_NoAuth,Mobile_iOS,290,0
PAY_000796,Visa,Credit,577.67,Travel_Airlines,FR,IN,Match,Authenticated_Success,Desktop_macOS,1725,0
PAY_000497,RuPay,Credit,499.28,Subscription,SG,SG,Match,Authenticated_Success,Mobile_Android,1050,0
PAY_000496,Visa,Corporate,819.97,Travel_Airlines,IN,JP,Match,Authenticated_Success,Mobile_Android,2291,0
PAY_000673,RuPay,Credit,177.90,Travel_Airlines,SG,SG,Match,Attempted_NoAuth,Mobile_iOS,492,0
PAY_000777,Visa,Corporate,218.38,Electronics,SG,SG,Match,Authenticated_Success,Desktop_macOS,1549,0
PAY_001466,RuPay,Corporate,44.47,Travel_Airlines,US,US,Match,Attempted_NoAuth,Tablet,743,0
PAY_001613,Visa,Corporate,36.96,Digital_Gaming,US,US,Match,Attempted_NoAuth,Tablet,1458,0
PAY_002959,Visa,Corporate,7.39,Apparel,JP,US,Match,Exempt_LowRisk,Mobile_iOS,504,0
PAY_000054,Visa,Corporate,9.96,Subscription,US,US,Match,Attempted_NoAuth,Mobile_Android,155,0
PAY_002435,Visa,Corporate,101.51,Apparel,US,US,Match,Authenticated_Success,Mobile_iOS,1455,0
PAY_002951,Visa,Corporate,20.06,Apparel,IN,SG,Match,Authenticated_Success,Mobile_iOS,2761,0
PAY_001283,RuPay,Credit,2110.10,Luxury_Goods,JP,IN,Mismatch,Authenticated_Success,Mobile_iOS,1914,0
PAY_002291,RuPay,Corporate,312.71,Digital_Gaming,JP,JP,Match,Exempt_LowRisk,Mobile_iOS,2658,0
PAY_002303,Mastercard,Credit,1471.56,Subscription,SG,SG,Match,Authenticated_Success,Mobile_iOS,2295,0
PAY_002979,Visa,Corporate,4.90,Apparel,JP,US,Match,Exempt_LowRisk,Mobile_iOS,961,0
PAY_000132,Visa,Corporate,79.67,Luxury_Goods,US,US,Match,Authenticated_Success,Desktop_macOS,801,0
PAY_000807,Visa,Corporate,76.08,Digital_Gaming,US,US,Match,Authenticated_Success,Mobile_Android,1181,0
PAY_000891,RuPay,Credit,1621.15,Subscription,IN,IN,Match,Authenticated_Success,Mobile_Android,2479,0
PAY_002030,Visa,Credit,528.32,Travel_Airlines,AU,CA,Match,Authenticated_Success,Mobile_iOS,3327,0
PAY_002024,Visa,Credit,307.39,Travel_Airlines,AU,CA,Match,Authenticated_Success,Mobile_iOS,3220,0
PAY_002975,Visa,Corporate,4.20,Food_Beverage,FR,SG,Match,Exempt_LowRisk,Mobile_iOS,1149,0
PAY_000616,Visa,Corporate,38.01,Luxury_Goods,US,US,Match,Authenticated_Success,Tablet,254,0
PAY_000152,Visa,Corporate,69.24,Travel_Airlines,SG,SG,Match,Attempted_NoAuth,Tablet,670,0
PAY_002252,RuPay,Corporate,216.98,Digital_Gaming,US,US,Match,Authenticated_Success,Tablet,2287,0
PAY_002178,RuPay,Corporate,10.25,Travel_Airlines,US,US,Match,Attempted_NoAuth,Tablet,238,0
PAY_001320,Visa,Corporate,34.86,Subscription,US,US,Match,Attempted_NoAuth,Tablet,562,0
PAY_002960,Visa,Corporate,25.20,Digital_Gaming,JP,SG,Match,Authenticated_Success,Tablet,3096,0
PAY_002313,Visa,Corporate,4.00,Travel_Airlines,US,US,Match,Attempted_NoAuth,Tablet,40,0
PAY_002435,RuPay,Corporate,49.22,Digital_Gaming,US,US,Match,Attempted_NoAuth,Tablet,1751,0
PAY_002041,RuPay,Corporate,1495.53,Subscription,IN,JP,Match,Authenticated_Success,Mobile_iOS,2499,0
PAY_001540,Visa,Corporate,279.98,Electronics,SG,US,Match,Authenticated_Success,Mobile_Android,841,0
PAY_002535,Visa,Credit,367.49,Subscription,AU,DE,Match,Authenticated_Success,Mobile_iOS,3127,0
PAY_000593,Visa,Corporate,5.61,Subscription,US,US,Match,Attempted_NoAuth,Tablet,33,0
PAY_000406,RuPay,Corporate,58.08,Travel_Airlines,US,US,Match,Attempted_NoAuth,Tablet,520,0
PAY_001765,Visa,Corporate,37.79,Digital_Gaming,US,US,Match,Attempted_NoAuth,Tablet,783,0
PAY_001427,RuPay,Corporate,400.25,Travel_Airlines,SG,SG,Match,Authenticated_Success,Tablet,1274,0
PAY_001421,Mastercard,Credit,1122.67,Subscription,JP,JP,Match,Authenticated_Success,Mobile_iOS,1805,0
PAY_002073,Visa,Corporate,11.60,Electronics,US,US,Match,Authenticated_Success,Tablet,293,0
PAY_001329,RuPay,Credit,575.97,Travel_Airlines,SG,SG,Match,Attempted_NoAuth,Mobile_iOS,1952,0
PAY_000451,Visa,Corporate,35.93,Travel_Airlines,US,US,Match,Attempted_NoAuth,Tablet,206,0
PAY_002815,Visa,Corporate,60.49,Apparel,SG,US,Match,Authenticated_Success,Mobile_iOS,1955,0
PAY_000161,Visa,Corporate,131.88,Subscription,US,US,Match,Attempted_NoAuth,Mobile_Android,1172,0
PAY_002906,Visa,Credit,12.67,Travel_Airlines,AU,DE,Match,Authenticated_Success,Tablet,1375,0
PAY_000206,Visa,Corporate,5.11,Travel_Airlines,US,US,Match,Attempted_NoAuth,Tablet,82,0
PAY_000815,Visa,Credit,342.17,Subscription,DE,JP,Match,Exempt_LowRisk,Mobile_Android,975,0
PAY_001450,Visa,Credit,1111.60,Travel_Airlines,AU,DE,Match,Authenticated_Success,Mobile_Android,3214,0
PAY_000858,Visa,Credit,11.50,Travel_Airlines,SG,US,Match,Attempted_NoAuth,Tablet,438,0
PAY_000508,Visa,Credit,102.50,Travel_Airlines,SG,SG,Match,Attempted_NoAuth,Mobile_iOS,734,0
PAY_002485,Visa,Corporate,328.22,Travel_Airlines,AU,CA,Match,Authenticated_Success,Tablet,3313,0
PAY_001741,Visa,Corporate,327.52,Travel_Airlines,CA,DE,Match,Authenticated_Success,Tablet,2891,0
PAY_000434,RuPay,Corporate,547.89,Subscription,JP,JP,Match,Authenticated_Success,Mobile_Android,1686,0
PAY_000538,Visa,Corporate,13.20,Electronics,US,US,Match,Attempted_NoAuth,Tablet,170,0
PAY_000830,Visa,Credit,1111.10,Subscription,CA,DE,Match,Exempt_LowRisk,Mobile_iOS,2320,0
PAY_002357,Visa,Corporate,526.82,Subscription,DE,FR,Match,Authenticated_Success,Tablet,3376,0
PAY_002464,Visa,Corporate,489.45,Electronics,DE,IN,Match,Exempt_LowRisk,Mobile_Android,2488,0
