date,description,debit,credit,balance,isSuspicious
22-03-2023,NETTXN:AJIOLUXE,14319.98,30084.05,4.2825225e+06,1
16-10-2024,CRYPTOEXCHANGEWAZIRX,722714.56,0.0,7.3075195e+06,0
24-03-2023,NETTXN:farfetch,810971.2,0.87,2.9550735e+06,1
16-02-2023,EMItowardsLoanNo00234567,806051.8,0.25,3.2176865e+06,1
16-10-2024,PCA:5001234567:PAYTMWAL9876543:PTM(PAYTM),565037.75,0.0,8.687919e+06,0
16-11-2023,NETTXN:TICKETBOOKINGYATRA,0.02,574092.5,5.3611595e+06,1
07-06-2024,NETTXN:FLIPKART,1.85,715532.06,6.92782e+06,1
30-05-2023,REVOFNETTXN:1234567890,10.72,696468.0,6.6187535e+06,1
06-05-2024,NETTXN:DARVEYS,792295.06,0.09,5.805684e+06,1
12-04-2024,IMPS/NA/XXX5678/RRN:123400567890/MOBTXN,919.68,212444.72,1.5579904e+07,0
07-03-2023,NETTXN:TICKETBOOKINGAIRINDIA,857901.25,5.24,4.043453e+06,1
28-07-2024,CRYPTOEXCHANGEWAZIRX,14915.05,8.89,1.8043804e+07,0
26-11-2024,EMItowardsLoanNo00234567,4929.69,1882.81,1.7959086e+07,0
25-11-2023,ATMWithdrawal,0.99,640757.4,6.0635275e+06,1
08-07-2023,CASHDEPOSIT,86679.89,0.02,1.8338898e+07,0
30-09-2024,NETTXN:Aug21Sal234TANGOEINDIA,2425.66,312362.5,6.8006895e+06,1
25-02-2023,CRYPTOEXCHANGECOINBASE,25484.68,21645.34,5.3551665e+06,1
13-11-2024,IMPS/NA/XXX5678/RRN:123400567890/MOBTXN,749766.3,0.0,1.2380812e+06,1
14-02-2023,IMPS/NA/XXX5678/RRN:123456789012/MOBTXN,778842.9,38.78,5.387789e+06,1
04-08-2024,PCA:5001234567:123456789012345:AMAZON,3141.22,1321.99,1.6677234e+07,0
14-02-2023,NETTXN:TICKETBOOKINGAIRINDIA,2.26,695055.2,1.0595577e+07,0
18-02-2023,CRYPTOEXCHANGECOINBASE,2032.78,407519.1,6.5744895e+06,1
12-08-2023,FundsTransfertoXX8765/CC001002010123456/MOBTXN,336738.0,5.2,1.340055e+07,0
09-08-2023,PCA:5001234567:1234567891234:LOCALSHOP,283.93,18711.86,1.694224e+07,0
27-03-2023,NETTXN:AJIOLUXE,3098.31,77882.39,1.6190871e+07,0
20-03-2023,PCA:5001234567:123456789012345:AMAZON,114.17,102946.5,1.7791362e+07,0
24-11-2024,PCA:5001234567:1234567891234:LOCALSHOP,157580.06,17.88,1.5006444e+07,0
08-06-2023,NETTXN:AMAZON,8838.89,69201.88,5.5356205e+06,1
25-02-2023,PCA:5001234567:450987650123456:EBAY,217.01,9708.46,1.988672e+07,0
27-06-2023,NETTXN:PAYBILL123456,0.44,666956.7,9.319214e+06,0
25-08-2024,PCA:5001234567:1234567891234:LOCALSHOP,1.4,707321.5,1.0099273e+07,0
19-02-2024,NETTXN:TICKETBOOKINGAIRINDIA,724577.75,44.98,7.397335e+06,1
27-03-2023,NETTXN:TICKETBOOKINGMAKEMYTRIP,0.15,502817.2,4.1805128e+06,1
16-02-2023,FundsTransfertoXX8765/CC001002010987654/MOBTXN,0.58,614098.2,5.3051225e+06,1
12-03-2023,PCA:5001234567:PAYTMWAL9876543:PTM(PAYTM),81660.04,0.0,1.4844899e+07,0
22-03-2023,NETTXN:TICKETBOOKINGINDIGO,686865.94,0.0,4.5713395e+06,1
18-03-2023,NETTXN:TICKETBOOKINGAIRINDIA,385483.16,1514.3,1.2547023e+07,0
09-01-2024,NETTXN:AJIOLUXE,22962.6,578.88,1.5348186e+07,0
17-02-2023,NETTXN:FLIPKART,724105.1,0.0,5.352391e+06,1
09-03-2023,CRYPTOEXCHANGEWAZIRX,749986.94,0.01,1.0722853e+07,0
30-04-2024,REVOFNETTXN:1234567890,790817.6,18.32,4.649111e+06,1
22-03-2023,CASHDEPOSIT,1.91,627682.4,5.5304165e+06,1
27-11-2023,NETTXN:TICKETBOOKINGAIRINDIA,0.16,677812.2,9.489409e+06,0
01-05-2023,NETTXN:TICKETBOOKINGAIRINDIA,37684.43,11213.03,4.274186e+06,1
10-03-2023,NETTXN:Aug21Sal234TANGOEINDIA,509811.88,1.69,1.3206676e+07,0
15-02-2023,ATMWithdrawal,211287.81,0.08,1.7130478e+07,0
15-12-2024,PCA:5001234567:765432109876543:ZOMATO,110.45,473280.75,1.3972401e+07,0
12-04-2023,NETTXN:TICKETBOOKINGMAKEMYTRIP,30485.32,0.58,1.8547338e+07,0
14-03-2023,EMItowardsLoanNo00234567,410.89,617252.44,1.3458125e+07,0
14-03-2023,PCA:5001234567:PAYTMWAL9876543:PTM(PAYTM),656.31,634787.6,8.096197e+06,1
03-03-2023,PCA:5001234567:567890123456789:BIGBAZAAR,431739.25,328.11,1.0917251e+07,0
17-02-2023,NETTXN:Aug21Sal234TANGOEINDIA,167962.66,8.0,1.5508723e+07,0
11-04-2023,CRYPTOEXCHANGEWAZIRX,3635.6,559276.8,6.81584e+06,1
24-02-2023,NETTXN:TICKETBOOKINGYATRA,0.05,598444.6,5.7004875e+06,1
08-03-2023,NETTXN:Aug21Sal234TANGOEINDIA,4910.49,3502.49,1.5657596e+07,0
24-04-2024,EMItowardsLoanNo00234567,0.87,611442.75,5.396342e+06,1
26-01-2023,NETTXN:TICKETBOOKINGMAKEMYTRIP,35633.62,3.81,1.8624356e+07,0
08-12-2023,NETTXN:TICKETBOOKINGAIRINDIA,1.76,392876.9,1.684894e+07,0
08-02-2023,NETTXN:FLIPKART,622776.94,64.9,1.2274342e+07,0
17-03-2023,PCA:5001234567:123456789012345:AMAZON,40848.27,704.6,1.5137233e+07,0
03-11-2023,FundsTransfertoXX8765/CC001002010987654/MOBTXN,333786.03,0.44,1.3424678e+07,0
19-02-2024,EMItowardsLoanNo00234567,60060.9,10385.85,6.7262155e+06,1
01-01-2024,NETTXN:CASHDEPOSIT,30001.13,0.12,1.7271038e+07,0
26-05-2024,NETTXN:AJIOLUXE,60.9,421056.9,1.6226967e+07,0
17-03-2023,PCA:5001234567:PAYTMWAL9876543:PTM(PAYTM),89.3,742530.3,1.3231043e+07,0
09-04-2023,NETTXN:DARVEYS,1746.79,58910.78,1.5016988e+07,0
08-03-2023,PCA:5001234567:PAYTMWAL9876543:PTM(PAYTM),581026.44,0.0,1.5981558e+07,0
12-03-2023,NETTXN:TICKETBOOKINGAIRINDIA,7.74,762756.4,7.473578e+06,1
01-12-2023,PCA:5001234567:1234567891234:LOCALSHOP,1.0,491163.0,5.061148e+06,1
17-08-2024,CRYPTOEXCHANGEWAZIRX,765512.3,0.0,9.27438e+06,0
11-03-2023,NETTXN:TICKETBOOKINGAIRINDIA,34.3,557409.75,5.410774e+06,1
22-04-2023,NETTXN:TICKETBOOKINGINDIGO,0.44,656159.06,7.4756145e+06,1
22-06-2023,NETTXN:AJIOLUXE,716551.2,0.01,4.9255225e+06,1
26-04-2023,NETTXN:tatacliq,288338.16,12152.82,6.2729775e+06,1
26-03-2023,PCA:5001234567:PAYTMWAL9876543:PTM(PAYTM),0.88,585016.25,5.1770445e+06,1
13-12-2023,PCA:5001234567:345123987012345:DOMINOS,1585.29,7136.89,1.6386423e+07,0
09-03-2023,PCA:5001234567:1234567891234:LOCALSHOP,115884.88,22.54,1.7125736e+07,0
26-03-2023,NETTXN:TICKETBOOKINGINDIGO,740803.7,11.2,9.635928e+06,0
31-03-2023,NETTXN:Aug21Sal234TANGOEINDIA,37123.99,21.76,1.7171196e+07,0
27-03-2023,CRYPTOEXCHANGEWAZIRX,1918.74,6857.3,1.6449178e+07,0
08-03-2023,PCA:5001234567:123456789012345:AMAZON,1050.85,69407.31,1.7242288e+07,0
18-01-2024,CRYPTOEXCHANGEWAZIRX,206.04,679370.25,1.0129098e+07,0
23-07-2024,PCA:5001234567:098765432109876:FLIPKART,2382.52,7748.18,1.7225218e+07,0
01-03-2023,PCA:5001234567:1234567891234:LOCALSHOP,205.69,481780.25,1.2413719e+07,0
15-02-2023,CRYPTOEXCHANGEBINANCE,353.31,806638.2,8.245908e+06,1
09-03-2023,FundsTransfertoXX8765/CC001002010123456/MOBTXN,841808.4,316.64,6.2469875e+06,1
15-01-2023,PCA:5001234567:1234567891234:LOCALSHOP,1055.72,286.66,1.8628608e+07,0
20-03-2023,FundsTransfertoXX8765/CC001002010987654/MOBTXN,792102.9,2.93,5.614105e+06,1
04-06-2023,NETTXN:EBAY,51263.36,144.28,1.5608442e+07,0
08-07-2023,ATMWithdrawal,647553.7,0.0,5.5970545e+06,1
19-03-2023,NETTXN:AMAZON,527697.9,343.54,1.0497825e+07,0
15-01-2024,PCA:5001234567:1234567891234:LOCALSHOP,96.41,4947.95,1.9578482e+07,0
27-03-2023,CRYPTOEXCHANGEWAZIRX,0.3,660531.9,6.6175385e+06,1
16-03-2023,CASHDEPOSIT,0.0,547439.7,5.297241e+06,1
16-02-2024,NETTXN:TICKETBOOKINGYATRA,2.47,374404.56,3.8973442e+06,1
21-10-2023,NETTXN:EBAY,548520.4,0.0,1.5137156e+07,0
12-09-2024,ATMWithdrawal,13185.34,507.51,1.7462622e+07,0
18-11-2024,PCA:5001234567:PAYTMWAL9876543:PTM(PAYTM),626287.94,0.05,7.495796e+06,0
19-10-2023,NETTXN:TICKETBOOKINGAIRINDIA,48.52,635344.6,1.0092024e+07,0
25-08-2023,NETTXN:EBAY,0.52,626005.0,6.408786e+06,1
01-03-2023,NETTXN:TICKETBOOKINGINDIGO,0.97,615406.1,4.847406e+06,1
03-04-2023,PCA:5001234567:1234567891234:LOCALSHOP,0.09,679065.25,6.50377e+06,1
17-03-2023,CRYPTOEXCHANGECOINBASE,8450.2,123549.65,1.5190999e+07,0
02-03-2023,NETTXN:TICKETBOOKINGYATRA,7497.73,81674.21,1.0969961e+07,0
12-03-2023,PCA:5001234567:1234567891234:LOCALSHOP,697928.94,0.04,4.900973e+06,1
21-09-2024,FundsTransfertoXX8765/CC001002010123456/MOBTXN,17299.06,107008.88,9.862531e+06,0
02-07-2023,NETTXN:TICKETBOOKINGYATRA,596088.1,2494.18,9.506725e+06,0
19-02-2023,NETTXN:DARVEYS,2.93,527440.4,1.2703021e+07,0
07-02-2023,REFUNDOF:ZOMATO,700382.2,3.29,8.472192e+06,0
05-04-2024,NETTXN:Aug21Sal234TANGOEINDIA,7.64,753017.7,9.586391e+06,0
11-03-2023,NETTXN:TICKETBOOKINGYATRA,103.05,658811.8,1.2269475e+07,0
08-02-2023,NETTXN:TICKETBOOKINGYATRA,4.52,674964.3,1.2223214e+07,0
06-04-2023,REVOFNETTXN:1234567890,219656.69,1.6,1.3600812e+07,0
08-03-2023,NETTXN:TICKETBOOKINGYATRA,1893.59,405174.9,1.4258532e+07,0
21-02-2023,CRYPTOEXCHANGECOINBASE,0.18,585995.5,5.6904955e+06,1
15-09-2023,CRYPTOEXCHANGEWAZIRX,680792.5,0.0,6.5779685e+06,1
07-07-2023,NETTXN:TICKETBOOKINGMAKEMYTRIP,180.49,183438.12,1.6022989e+07,0
25-08-2023,NETTXN:PAYBILL123456,181.44,522368.72,1.4000055e+07,0
08-12-2024,NETTXN:TICKETBOOKINGYATRA,183582.23,6.37,1.6630415e+07,0
26-07-2023,CRYPTOEXCHANGECOINBASE,92085.1,8749.37,1.0992973e+07,0
13-03-2023,NETTXN:farfetch,1763.04,161928.61,4.1664712e+06,1
27-04-2023,NETTXN:TICKETBOOKINGYATRA,134412.48,169.48,1.2264995e+07,0
24-03-2023,NETTXN:farfetch,90464.36,94.45,1.5975144e+07,0
03-08-2024,NETTXN:PAYBILL432109,0.0,512460.97,4.481847e+06,1
23-07-2023,PCA:5001234567:1234567891234:LOCALSHOP,16399.05,278565.06,7.0931455e+06,1
24-10-2023,NETTXN:FLIPKART,12.76,583011.56,6.047568e+06,1
31-07-2023,ATMWithdrawal,756074.75,6.4,5.71449e+06,1
11-09-2024,NETTXN:TICKETBOOKINGMAKEMYTRIP,110.37,730377.8,7.522778e+06,1
17-02-2023,CRYPTOEXCHANGEWAZIRX,24322.77,9408.18,1.235847e+07,0
15-07-2023,NETTXN:TICKETBOOKINGINDIGO,650590.5,0.75,5.648224e+06,1
24-10-2023,NETTXN:DARVEYS,2258.94,44768.35,1.5975732e+07,0
03-04-2024,NETTXN:FLIPKART,0.38,597243.06,4.992857e+06,1
16-03-2023,CRYPTOEXCHANGECOINBASE,1.64,672196.2,1.0449918e+07,0
17-03-2023,CRYPTOEXCHANGEBINANCE,0.0,457412.53,3.7367522e+06,1
03-04-2023,CRYPTOEXCHANGEWAZIRX,100498.66,0.33,1.3354412e+07,0
26-02-2023,NETTXN:TICKETBOOKINGMAKEMYTRIP,235055.98,6.58,1.7560248e+07,0
01-01-2024,PCA:5001234567:PAYTMWAL9876543:PTM(PAYTM),0.14,571884.44,4.6737805e+06,1
01-04-2024,IMPS/NA/XXX5678/RRN:876543210987/MOBTXN,709794.94,0.04,3.8901555e+06,1
08-11-2023,NETTXN:tatacliq,100952.58,22.78,1.6666721e+07,0
28-02-2023,FundsTransfertoXX8765/CC001002010987654/MOBTXN,0.0,504142.8,1.2373313e+07,0
22-05-2023,REFUNDOF:ZOMATO,88.79,623564.75,1.1202117e+07,0
14-03-2023,IMPS/NA/XXX5678/RRN:987654321098/MOBTXN,790646.0,263.46,4.4664605e+06,1
19-03-2023,IMPS/NA/XXX5678/RRN:123456789012/MOBTXN,222.94,503240.2,5.742327e+06,1
15-03-2023,NETTXN:PAYBILL987654,781082.56,6.35,5.6557485e+06,1
04-02-2024,NETTXN:TICKETBOOKINGMAKEMYTRIP,3592.04,82038.47,1.386914e+07,0
26-05-2023,EMItowardsLoanNo00234567,40757.16,21.27,1.7877372e+07,0
01-02-2024,NETTXN:TICKETBOOKINGYATRA,894.38,397825.97,1.3855256e+07,0
13-02-2023,PCA:5001234567:450987650123456:EBAY,369014.1,61.59,1.2160794e+07,0
12-03-2023,EMItowardsLoanNo00234567,18845.12,48372.8,1.4015601e+07,0
16-10-2024,NETTXN:TICKETBOOKINGINDIGO,0.02,569146.6,4.8353005e+06,1
22-05-2024,PCA:5001234567:567890123456789:BIGBAZAAR,6479.45,94400.4,1.1766995e+07,0
11-02-2023,ATMWithdrawal,35.21,552052.25,1.5305453e+07,0
12-04-2023,PCA:5001234567:PAYTMWAL9876543:PTM(PAYTM),11.28,664343.6,6.5819975e+06,1
18-12-2024,NETTXN:TICKETBOOKINGAIRINDIA,249492.72,16.22,1.4840177e+07,0
15-01-2024,CRYPTOEXCHANGEBINANCE,24211.38,7505.92,1.4299373e+07,0
27-03-2023,NETTXN:EBAY,13.31,725026.06,7.35569e+06,1
23-06-2024,PCA:5001234567:PAYTMWAL9876543:PTM(PAYTM),30.95,636444.7,1.0288808e+07,0
19-03-2023,NETTXN:FLIPKART,760034.75,42.03,6.031645e+06,1
22-02-2023,PCA:5001234567:1234567891234:LOCALSHOP,0.0,556495.3,5.216738e+06,1
17-04-2023,PCA:5001234567:1234567891234:LOCALSHOP,72988.2,6120.2,1.2813555e+07,0
01-03-2023,NETTXN:TICKETBOOKINGAIRINDIA,480607.75,0.05,1.6351532e+07,0
11-07-2024,NETTXN:DARVEYS,26029.11,98.69,1.7679744e+07,0
09-09-2023,PCA:5001234567:675849302948301:MUTUALFUNDS,480498.3,0.53,1.2935685e+07,0
16-04-2023,CRYPTOEXCHANGECOINBASE,628719.75,0.0,1.113967e+07,0
11-04-2023,NETTXN:TICKETBOOKINGMAKEMYTRIP,130371.76,30.45,1.3836099e+07,0
14-03-2024,NETTXN:TICKETBOOKINGAIRINDIA,841477.8,16.56,5.409291e+06,1
06-04-2023,NETTXN:TICKETBOOKINGMAKEMYTRIP,722797.6,96.19,1.075321e+07,0
03-04-2023,PCA:5001234567:1234567891234:LOCALSHOP,33.53,579966.3,1.1959469e+07,0
18-03-2023,CRYPTOEXCHANGEWAZIRX,1.16,670126.6,1.0521837e+07,0
20-03-2023,PCA:5001234567:098765432109876:FLIPKART,16456.29,19994.98,1.2836221e+07,0
16-04-2023,ATMWithdrawal,0.0,436531.0,4.298017e+06,1
30-08-2024,CRYPTOEXCHANGEBINANCE,0.0,391325.47,2.3410288e+06,1
24-03-2023,PCA:5001234567:1234567891234:LOCALSHOP,0.03,540088.2,4.781353e+06,1
19-04-2023,PCA:5001234567:PAYTMWAL9876543:PTM(PAYTM),1.08,750642.56,1.1901152e+07,0
03-02-2023,NETTXN:TICKETBOOKINGAIRINDIA,629646.7,1577.8,1.0445106e+07,0
10-05-2023,REFUNDOF:ZOMATO,201.3,260501.16,1.6471489e+07,0
04-04-2023,NETTXN:TICKETBOOKINGYATRA,7.1,746777.8,8.517562e+06,0
22-06-2023,FundsTransfertoXX8765/CC001002010123456/MOBTXN,4.36,743752.06,9.987674e+06,0
17-10-2023,CRYPTOEXCHANGEBINANCE,48.63,740885.06,1.0554825e+07,0
27-03-2023,NETTXN:PAYBILL987654,491569.88,0.07,1.1356877e+07,0
01-04-2023,NETTXN:EBAY,628969.0,0.0,2.4090332e+06,1
01-03-2024,FundsTransfertoXX8765/CC001002010987654/MOBTXN,23.14,562416.9,1.5232733e+07,0
03-03-2024,FundsTransfertoXX8765/CC001002010987654/MOBTXN,0.06,637764.06,1.290553e+07,0
23-10-2023,PCA:5001234567:1234567891234:LOCALSHOP,59.22,554196.94,5.826676e+06,1
08-07-2023,PCA:5001234567:765432109876543:ZOMATO,93969.34,3870.67,1.581334e+07,0
03-04-2023,NETTXN:AMAZON,35154.7,61.65,1.7665356e+07,0
10-12-2024,NETTXN:EBAY,0.17,495086.53,4.245235e+06,1
12-10-2024,CRYPTOEXCHANGEBINANCE,47.47,597727.25,1.1927756e+07,0
06-04-2023,IMPS/RAHULKUMAR/XXX5678/RRN:123456789012,340.85,1833.85,1.8885008e+07,0
27-07-2024,NETTXN:farfetch,213288.45,0.63,1.5974804e+07,0
12-02-2023,NETTXN:PAYBILL123456,48.36,635873.0,1.000905e+07,0
29-03-2023,PCA:5001234567:098765432109876:FLIPKART,73687.7,52.95,1.6236929e+07,0
18-11-2023,NETTXN:TICKETBOOKINGAIRINDIA,310.02,763939.25,8.241549e+06,1
13-03-2023,NETTXN:tatacliq,226782.98,0.0,1.8041764e+07,0
29-06-2023,NETTXN:TICKETBOOKINGAIRINDIA,733337.06,0.01,4.441195e+06,1
08-08-2024,NETTXN:AMAZON,377505.53,3220.02,8.395932e+06,0
25-06-2024,NETTXN:AJIOLUXE,1.6,606007.56,5.5176305e+06,1
20-03-2023,NETTXN:Aug21Sal234TANGOEINDIA,9327.01,5611.18,1.5078691e+07,0
02-05-2023,CRYPTOEXCHANGEWAZIRX,11666.98,322875.16,7.32658e+06,1
10-03-2023,PCA:5001234567:675849302948301:MUTUALFUNDS,789091.7,0.02,2.5836382e+06,1
11-03-2023,PCA:5001234567:1234567891234:LOCALSHOP,0.01,680986.6,1.0079111e+07,0
22-03-2023,NETTXN:Aug21Sal234TANGOEINDIA,738410.4,0.78,5.7731345e+06,1
26-02-2023,IMPS/RAHULKUMAR/XXX5678/RRN:123456789012,348.15,527884.56,1.216727e+07,0
06-01-2024,NETTXN:TICKETBOOKINGINDIGO,0.01,647409.2,6.162421e+06,1
11-03-2023,NETTXN:EBAY,12529.27,52894.35,9.829339e+06,0
19-12-2023,CRYPTOEXCHANGECOINBASE,694841.2,0.32,6.241837e+06,1
19-04-2023,NETTXN:AMAZON,745932.75,0.04,4.8275265e+06,1
22-12-2024,PCA:5001234567:098765432109876:FLIPKART,12.77,614292.1,1.3643913e+07,0
27-12-2023,REVOFNETTXN:1234567890,11.04,659521.8,7.742886e+06,0
02-05-2024,CRYPTOEXCHANGEBINANCE,0.07,573807.44,5.1225355e+06,1
29-03-2023,PCA:5001234567:1234567891234:LOCALSHOP,408073.2,6.23,1.0849786e+07,0
26-07-2023,NETTXN:TICKETBOOKINGMAKEMYTRIP,179.83,623305.25,9.164147e+06,0
14-03-2023,NETTXN:TICKETBOOKINGAIRINDIA,0.0,397158.8,2.3604092e+06,1
25-03-2024,NETTXN:TICKETBOOKINGYATRA,456356.28,3.55,1.4473324e+07,0
14-02-2023,NETTXN:AJIOLUXE,81867.17,881.69,1.5204938e+07,0
12-08-2024,PCA:5001234567:1234567891234:LOCALSHOP,1132.99,46811.46,1.5927776e+07,0
23-12-2023,PCA:5001234567:PAYTMWAL9876543:PTM(PAYTM),379686.25,0.01,1.4867432e+07,0
21-02-2023,NETTXN:TICKETBOOKINGYATRA,768788.4,0.17,4.715228e+06,1
20-08-2023,REFUNDOF:ZOMATO,1352.94,326131.8,5.640668e+06,1
07-04-2023,PCA:5001234567:1234567891234:LOCALSHOP,219742.98,14209.22,5.952393e+06,1
06-04-2024,NETTXN:TICKETBOOKINGAIRINDIA,6.55,500203.9,1.5810552e+07,0
10-04-2023,CRYPTOEXCHANGECOINBASE,717924.8,0.0,7.33358e+06,0
28-12-2023,REFUNDOF:ZOMATO,79.54,640293.8,1.4947423e+07,0
31-10-2024,NETTXN:FLIPKART,15951.34,57423.01,1.1316607e+07,0
18-07-2023,PCA:5001234567:1234567891234:LOCALSHOP,0.04,543479.25,1.3877073e+07,0
17-02-2024,CRYPTOEXCHANGECOINBASE,866273.7,0.69,2.328661e+06,1
23-02-2023,FundsTransfertoXX8765/CC001002010987654/MOBTXN,5976.35,373711.9,6.2678065e+06,1
27-03-2023,PCA:5001234567:123456789012345:AMAZON,57.69,695446.56,6.7024985e+06,1
06-04-2024,NETTXN:PAYBILL123456,247.27,533790.7,1.2886332e+07,0
12-02-2024,IMPS/NA/XXX5678/RRN:123456789012/MOBTXN,362371.62,2.3,1.4299291e+07,0
11-04-2023,PCA:5001234567:675849302948301:MUTUALFUNDS,730369.2,0.55,4.4270995e+06,1
02-03-2023,NETTXN:EBAY,778289.1,111.31,6.7437365e+06,1
30-05-2024,NETTXN:EBAY,0.0,576453.7,7.837741e+06,0
17-03-2023,NETTXN:AJIOLUXE,889202.4,0.0,2.0910625e+06,1
20-03-2023,NETTXN:TICKETBOOKINGMAKEMYTRIP,53.09,539280.6,1.5143226e+07,0
24-03-2023,PCA:5001234567:1234567891234:LOCALSHOP,12.72,631942.44,6.0403155e+06,1
22-02-2023,PCA:5001234567:450987650123456:EBAY,9.01,581415.06,5.686723e+06,1
15-12-2024,REVOFNETTXN:1234567890,0.01,620918.06,5.5281515e+06,1
26-02-2023,CRYPTOEXCHANGECOINBASE,337.83,177666.05,1.3210939e+07,0
02-09-2023,NETTXN:tatacliq,307.63,71747.74,1.5497797e+07,0
08-02-2023,NETTXN:TICKETBOOKINGINDIGO,1124.37,142697.83,1.4925437e+07,0
02-04-2023,NETTXN:AMAZON,244520.94,331.75,1.4589661e+07,0
02-04-2023,CRYPTOEXCHANGEBINANCE,538278.25,6.3,1.3484099e+07,0
15-03-2023,NETTXN:TICKETBOOKINGAIRINDIA,30189.62,10.97,1.6798584e+07,0
25-03-2023,NETTXN:TICKETBOOKINGMAKEMYTRIP,19011.17,80203.93,6.210566e+06,1
17-02-2023,NETTXN:AMAZON,758742.56,0.68,4.509482e+06,1
29-11-2024,NETTXN:AMAZON,482996.2,0.33,1.5320726e+07,0
21-11-2023,NETTXN:TICKETBOOKINGINDIGO,847568.2,0.06,6.5264455e+06,0
21-09-2024,CASHDEPOSIT,0.72,638997.6,5.825206e+06,1
26-10-2024,CRYPTOEXCHANGECOINBASE,737201.5,0.0,2.6775475e+06,1
20-10-2023,NETTXN:TICKETBOOKINGAIRINDIA,1.39,447342.6,1.5270531e+07,0
23-07-2024,PCA:5001234567:098765432109876:FLIPKART,302104.38,0.0,1.5439686e+07,0
13-04-2023,NETTXN:AJIOLUXE,128.14,719280.3,7.11146e+06,1
04-05-2024,IMPS/NA/XXX5678,0.63,723713.94,1.0108006e+07,0
29-06-2024,NETTXN:TICKETBOOKINGINDIGO,406483.2,344.26,1.2247396e+07,0
10-03-2023,NETTXN:EBAY,157.94,542994.7,1.4078904e+07,0
18-02-2023,NETTXN:AMAZON,25.68,643264.6,1.3506373e+07,0
01-07-2024,NETTXN:DARVEYS,830746.25,0.14,4.126879e+06,1
04-04-2023,IMPS/NA/XXX5678/RRN:876543210987/MOBTXN,330060.3,572.16,9.794143e+06,0
13-08-2024,FundsTransfertoXX8765/CC001002010123456/MOBTXN,701871.06,130.55,4.1684232e+06,1
04-03-2023,NETTXN:TICKETBOOKINGYATRA,56872.78,29.5,1.576034e+07,0
23-10-2024,PCA:5001234567:1234567891234:LOCALSHOP,0.54,585691.56,4.738928e+06,1
26-02-2023,PCA:5001234567:675849302948301:MUTUALFUNDS,12691.93,3688.01,1.5162461e+07,0
09-03-2023,NETTXN:TICKETBOOKINGYATRA,0.35,655311.75,6.171529e+06,1
14-03-2023,PCA:5001234567:1234567891234:LOCALSHOP,737537.8,0.94,8.154803e+06,0
29-10-2024,NETTXN:TICKETBOOKINGINDIGO,595347.2,0.1,1.2975447e+07,0
20-08-2023,CRYPTOEXCHANGEWAZIRX,6171.3,13.75,1.9260134e+07,0
01-05-2023,CRYPTOEXCHANGEWAZIRX,3405.43,106158.74,1.1872774e+07,0
23-02-2023,NETTXN:CASHDEPOSIT,9689.4,353512.7,6.995498e+06,1
29-03-2023,IMPS/NA/XXX5678/RRN:876543210987/MOBTXN,127007.18,8.06,1.6467688e+07,0
29-05-2024,IMPS/RAHULKUMAR/XXX5679/RRN:123456789012,554321.0,0.3,1.3074044e+07,0
14-04-2023,EMItowardsLoanNo00234567,12339.82,48277.56,1.187546e+07,0
03-02-2023,NETTXN:TICKETBOOKINGAIRINDIA,0.0,369315.75,2.731295e+06,1
22-02-2023,NETTXN:FLIPKART,562101.06,0.0,1.0351221e+07,0
06-03-2023,NETTXN:TICKETBOOKINGINDIGO,24.86,686122.0,1.2359868e+07,0
21-02-2023,PCA:5001234567:PAYTMWAL9876543:PTM(PAYTM),833765.7,0.12,3.2895485e+06,1
01-12-2024,NETTXN:FLIPKART,14719.96,307814.94,7.152492e+06,1
01-02-2024,NETTXN:EBAY,41212.56,0.03,1.7231964e+07,0
12-06-2024,CRYPTOEXCHANGEWAZIRX,40.1,582920.56,1.4046772e+07,0
20-04-2023,PCA:5001234567:765432109876543:ZOMATO,748029.75,1269.98,6.616677e+06,1
28-02-2023,CRYPTOEXCHANGEWAZIRX,401218.38,95.95,1.2678865e+07,0
31-03-2023,NETTXN:farfetch,99994.05,41220.1,6.1912715e+06,1
02-04-2023,PCA:5001234567:1234567891234:LOCALSHOP,8.43,444618.62,1.5936076e+07,0
02-04-2023,CRYPTOEXCHANGECOINBASE,7906.22,14460.79,1.5964294e+07,0
03-03-2023,IMPS/NA/XXX5678/RRN:123400567890/MOBTXN,1271.55,736339.25,7.731015e+06,1
13-03-2023,NETTXN:AJIOLUXE,332202.8,7.04,1.4589158e+07,0
18-04-2024,PCA:5001234567:345123987012345:DOMINOS,0.65,626184.4,1.1003254e+07,0
11-03-2023,PCA:5001234567:PAYTMWAL9876543:PTM(PAYTM),730677.25,11.47,8.536263e+06,0
18-02-2023,NETTXN:tatacliq,694919.94,0.0,1.080331e+07,0
15-04-2023,PCA:5001234567:PAYTMWAL9876543:PTM(PAYTM),691378.5,1.89,5.4777305e+06,1
08-09-2023,REFUNDOF:ZOMATO,7.1,456240.6,1.5937312e+07,0
17-03-2023,IMPS/RAHULKUMAR/XXX5679/RRN:123456789012,2.26,585381.56,6.3081615e+06,1
23-02-2023,CRYPTOEXCHANGEBINANCE,759357.7,148.13,7.506148e+06,1
18-03-2023,IMPS/NA/XXX5678/RRN:876543210987/MOBTXN,151.31,343751.2,1.5449371e+07,0
06-02-2024,NETTXN:CASHDEPOSIT,9471.29,259715.1,6.690691e+06,1
21-03-2023,NETTXN:TICKETBOOKINGMAKEMYTRIP,91989.72,0.58,1.7338582e+07,0
21-03-2023,CRYPTOEXCHANGECOINBASE,46421.36,53001.36,8.325014e+06,0
16-02-2023,NETTXN:farfetch,712393.2,0.0,2.2870668e+06,1
12-02-2024,NETTXN:TICKETBOOKINGYATRA,808.46,21421.35,1.7626616e+07,0
28-10-2023,NETTXN:TICKETBOOKINGMAKEMYTRIP,143.15,181037.23,3.6240038e+06,1
29-08-2024,NETTXN:TICKETBOOKINGINDIGO,180.13,218733.16,1.532375e+07,0
29-05-2023,NETTXN:TICKETBOOKINGINDIGO,10243.07,16924.08,1.5449434e+07,0
26-03-2023,NETTXN:TICKETBOOKINGMAKEMYTRIP,25.78,421669.72,1.5249293e+07,0
05-03-2023,NETTXN:farfetch,226905.69,9.9,1.4133422e+07,0
18-04-2023,IMPS/NA/XXX5678/RRN:876543210987/MOBTXN,16826.77,5960.78,1.4938461e+07,0
08-02-2023,NETTXN:TICKETBOOKINGYATRA,47.89,735423.06,1.0466579e+07,0
02-08-2023,NETTXN:TICKETBOOKINGINDIGO,353218.16,0.22,1.3733527e+07,0
18-04-2023,PCA:5001234567:PAYTMWAL9876543:PTM(PAYTM),162.27,314281.03,1.3594088e+07,0
12-09-2024,NETTXN:AMAZON,453913.88,3.74,1.4066692e+07,0
22-06-2024,PCA:5001234567:1234567891234:LOCALSHOP,6529.2,390965.62,6.6077915e+06,1
09-09-2024,NETTXN:PAYBILL123456,480523.12,17918.83,6.346397e+06,1
14-03-2023,IMPS/NA/XXX5678/RRN:876543210987/MOBTXN,29679.68,20211.77,1.005597e+07,0
03-04-2023,PCA:5001234567:123456789012345:AMAZON,278595.75,938.93,1.42669e+07,0
11-02-2023,REFUNDOF:ZOMATO,779262.94,0.03,7.0079295e+06,0
12-02-2023,CRYPTOEXCHANGEBINANCE,698118.56,354.0,4.880261e+06,1
20-12-2022,PCA:5001234567:345123987012345:DOMINOS,3393.98,45527.35,1.4156922e+07,0
23-11-2024,NETTXN:TICKETBOOKINGYATRA,90.64,660576.75,1.2514036e+07,0
28-03-2023,NETTXN:TICKETBOOKINGAIRINDIA,475670.62,0.77,1.2137274e+07,0
23-03-2023,NETTXN:tatacliq,3272.67,351492.9,6.365708e+06,1
25-07-2024,FundsTransfertoXX8765/CC001002010123456/MOBTXN,705103.75,0.02,4.950251e+06,1
20-09-2024,NETTXN:TICKETBOOKINGINDIGO,233.71,138815.94,1.27438e+07,0
08-03-2023,CRYPTOEXCHANGECOINBASE,569309.06,0.0,7.454794e+06,0
25-03-2023,NETTXN:TICKETBOOKINGINDIGO,1.81,725038.4,7.03264e+06,1
24-03-2023,EMItowardsLoanNo00234567,64.0,740188.06,8.126814e+06,1
05-04-2023,PCA:5001234567:1234567891234:LOCALSHOP,0.04,556220.56,5.68277e+06,1
08-03-2023,CRYPTOEXCHANGECOINBASE,1502.59,78458.28,1.5961126e+07,0
30-11-2023,PCA:5001234567:1234567891234:LOCALSHOP,101183.52,2.57,1.6434836e+07,0
29-07-2023,NETTXN:EBAY,143327.58,3538.52,1.2508191e+07,0
15-03-2023,IMPS/NA/XXX5678/RRN:876543210987/MOBTXN,0.14,601310.25,5.443333e+06,1
04-09-2024,CRYPTOEXCHANGECOINBASE,85223.7,55989.41,6.531758e+06,1
06-04-2024,NETTXN:PAYBILL123456,89.07,614762.44,1.4381267e+07,0
22-03-2023,NETTXN:TICKETBOOKINGMAKEMYTRIP,26167.02,15129.31,8.197454e+06,0
20-03-2023,NETTXN:TICKETBOOKINGINDIGO,0.0,475630.1,4.413956e+06,1
14-03-2023,NETTXN:PAYBILL432109,6.81,786233.2,6.777074e+06,1
24-03-2023,NETTXN:Aug21Sal234TANGOEINDIA,601593.7,7.54,1.0928934e+07,0
01-02-2023,NETTXN:TICKETBOOKINGAIRINDIA,277.54,405241.03,1.5325405e+07,0
01-04-2023,CRYPTOEXCHANGEWAZIRX,16732.11,4112.91,1.6199054e+07,0
01-03-2023,NETTXN:EBAY,232.47,421819.9,1.518143e+07,0
13-06-2023,PCA:5001234567:PAYTMWAL9876543:PTM(PAYTM),20.66,430260.2,1.5698301e+07,0
07-04-2024,NETTXN:TICKETBOOKINGMAKEMYTRIP,0.14,602460.2,5.214261e+06,1
22-03-2023,NETTXN:PAYBILL123456,7.88,629238.25,5.4150625e+06,1
19-08-2024,FundsTransfertoXX8765/CC001002010123456/MOBTXN,504596.2,0.0,9.363686e+06,0
21-06-2024,CRYPTOEXCHANGEBINANCE,618114.44,28.25,7.8969505e+06,0
02-04-2023,CRYPTOEXCHANGEWAZIRX,473571.0,0.01,1.4516924e+07,0
08-03-2023,NETTXN:AJIOLUXE,0.03,620805.25,6.790516e+06,0
08-02-2023,PCA:5001234567:PAYTMWAL9876543:PTM(PAYTM),1000.08,198004.86,1.4912954e+07,0
25-03-2023,CRYPTOEXCHANGEBINANCE,401777.1,287.33,9.492505e+06,0
18-01-2024,PCA:5001234567:675849302948301:MUTUALFUNDS,537.83,424764.38,6.045408e+06,1
02-04-2023,IMPS/RAHULKUMAR/XXX5679/RRN:123456789012,178338.19,6.62,1.6382263e+07,0
23-03-2023,NETTXN:TICKETBOOKINGMAKEMYTRIP,728676.9,0.0,2.7220815e+06,1
04-04-2023,CASHDEPOSIT,0.35,670282.56,7.5164e+06,0
27-03-2023,CRYPTOEXCHANGEBINANCE,21691.69,127381.07,6.512061e+06,1
12-02-2023,EMItowardsLoanNo00234567,0.0,515903.38,3.7006928e+06,1
15-03-2023,NETTXN:TICKETBOOKINGMAKEMYTRIP,737.88,104668.4,1.5128556e+07,0
17-01-2024,NETTXN:TICKETBOOKINGAIRINDIA,82.8,424134.56,1.5353588e+07,0
14-03-2023,IMPS/NA/XXX5678/RRN:123456789012/MOBTXN,828821.1,4.43,5.369561e+06,1
03-02-2023,NETTXN:AMAZON,12.15,603819.44,1.539791e+07,0
16-02-2023,CRYPTOEXCHANGEWAZIRX,568347.44,5522.21,6.2826695e+06,1
14-03-2023,NETTXN:EBAY,211458.95,9.69,1.558831e+07,0
10-03-2023,NETTXN:TICKETBOOKINGAIRINDIA,216051.6,402.29,1.2681958e+07,0
09-02-2024,NETTXN:TICKETBOOKINGMAKEMYTRIP,10.26,783225.4,7.463402e+06,0
27-02-2023,CRYPTOEXCHANGEBINANCE,723404.9,0.0,3.1939528e+06,1
22-04-2024,PCA:5001234567:1234567891234:LOCALSHOP,0.13,659163.4,7.376378e+06,0
26-01-2023,CRYPTOEXCHANGECOINBASE,7433.95,81773.66,1.5507418e+07,0
27-09-2024,NETTXN:Aug21Sal234TANGOEINDIA,760446.75,11.84,5.9862235e+06,1
04-08-2024,PCA:5001234567:098765432109876:FLIPKART,485111.53,0.01,1.56759e+07,0
17-08-2024,NETTXN:TICKETBOOKINGAIRINDIA,733919.6,0.01,6.817715e+06,0
13-12-2024,NETTXN:TICKETBOOKINGYATRA,137821.12,1008.07,1.1751135e+07,0
16-10-2024,REVOFNETTXN:1234567890,553301.7,0.02,1.3306798e+07,0
21-01-2024,NETTXN:AMAZON,621954.25,0.14,7.783422e+06,0
28-03-2023,PCA:5001234567:567890123456789:BIGBAZAAR,132.09,489435.28,1.6173946e+07,0
06-11-2024,CASHDEPOSIT,308.96,766368.9,7.7061835e+06,1
08-03-2023,IMPS/RAHULKUMAR/XXX5678/RRN:123456789012,63672.42,128.82,1.685586e+07,0
10-10-2024,PCA:5001234567:765432109876543:ZOMATO,2133.49,171658.38,5.308786e+06,1
24-08-2023,NETTXN:EBAY,0.0,516107.84,4.1544718e+06,1
14-03-2023,NETTXN:TICKETBOOKINGINDIGO,169.66,31122.54,1.7900488e+07,0
11-03-2023,PCA:5001234567:PAYTMWAL9876543:PTM(PAYTM),86.43,522467.2,1.6072626e+07,0
28-03-2024,PCA:5001234567:PAYTMWAL9876543:PTM(PAYTM),0.0,567915.75,1.0073148e+07,0
13-10-2024,REFUNDOF:ZOMATO,88291.41,1.05,1.7220534e+07,0
18-09-2023,NETTXN:DARVEYS,4431.54,3130.82,1.8030318e+07,0
10-12-2024,REVOFNETTXN:1234567890,739219.6,0.01,5.9754095e+06,1
05-04-2023,NETTXN:PAYBILL987654,17337.22,34563.9,4.0515135e+06,1
12-10-2024,NETTXN:TICKETBOOKINGAIRINDIA,1787.84,100277.76,1.32063e+07,0
17-03-2024,CRYPTOEXCHANGEWAZIRX,61571.01,314.89,1.5378662e+07,0
19-09-2024,CRYPTOEXCHANGECOINBASE,8026.27,455117.1,7.1838155e+06,1
06-04-2023,PCA:5001234567:1234567891234:LOCALSHOP,3.04,667809.4,5.9209875e+06,1
11-12-2024,NETTXN:farfetch,491.66,361355.72,1.4394058e+07,0
23-09-2024,CASHDEPOSIT,755116.4,2.94,4.2132485e+06,1
19-03-2023,PCA:5001234567:345123987012345:DOMINOS,712.31,465390.53,1.6123368e+07,0
11-11-2023,PCA:5001234567:1234567891234:LOCALSHOP,211.79,499823.9,5.7459405e+06,1
28-03-2024,CRYPTOEXCHANGEWAZIRX,833382.3,104.25,6.462362e+06,1
01-01-2024,CRYPTOEXCHANGECOINBASE,14.14,565859.6,1.4837891e+07,0
25-03-2023,NETTXN:CASHDEPOSIT,194753.23,0.01,1.3511808e+07,0
04-09-2023,PCA:5001234567:123456789012345:AMAZON,5710.69,636.77,1.6189542e+07,0
26-07-2023,FundsTransfertoXX8765/CC001002010987654/MOBTXN,2035.58,396.68,1.7493734e+07,0
01-11-2023,NETTXN:EBAY,760148.3,82.5,5.6085055e+06,1
17-10-2023,NETTXN:PAYBILL123456,192.77,542116.56,1.5236717e+07,0
30-06-2023,NETTXN:FLIPKART,0.1,635169.9,5.6296395e+06,1
20-02-2023,IMPS/NA/XXX5678/RRN:123456789012/MOBTXN,735482.94,0.0,4.4911385e+06,1
22-03-2023,PCA:5001234567:PAYTMWAL9876543:PTM(PAYTM),813898.9,35.08,7.078541e+06,1
30-03-2023,NETTXN:PAYBILL123456,49755.98,47808.46,8.707022e+06,0
26-02-2023,PCA:5001234567:123456789012345:AMAZON,553610.44,0.0,1.200319e+07,0
02-02-2023,NETTXN:FLIPKART,529433.3,0.01,1.0377284e+07,0
22-05-2024,NETTXN:AMAZON,24930.21,274507.1,7.150884e+06,1
26-06-2024,NETTXN:FLIPKART,721345.5,0.0,1.245004e+07,0
18-03-2023,NETTXN:AMAZON,3840.6,2884.34,1.7831564e+07,0
24-02-2023,NETTXN:AMAZON,100.92,713879.25,7.2196635e+06,1
13-03-2023,NETTXN:DARVEYS,6798.07,233730.62,6.4111025e+06,1
14-03-2023,PCA:5001234567:675849302948301:MUTUALFUNDS,549625.1,0.43,9.009242e+06,0
11-03-2023,CRYPTOEXCHANGEBINANCE,482.59,20792.04,1.8581788e+07,0
26-02-2023,NETTXN:FLIPKART,820523.6,0.0,1.7515425e+06,1
20-02-2023,NETTXN:CASHDEPOSIT,14264.96,69213.33,6.068317e+06,1
19-04-2023,CRYPTOEXCHANGEWAZIRX,898.97,25652.9,1.671846e+07,0
21-10-2024,IMPS/NA/XXX5678/RRN:876543210987/MOBTXN,38.54,270131.97,1.5361239e+07,0
06-03-2023,NETTXN:TICKETBOOKINGAIRINDIA,726393.2,1.47,5.4547915e+06,1
18-02-2023,NETTXN:DARVEYS,246966.92,7.97,1.4983389e+07,0
17-01-2024,NETTXN:TICKETBOOKINGAIRINDIA,41120.19,90463.34,9.310207e+06,0
23-03-2023,CRYPTOEXCHANGECOINBASE,168.78,23235.9,1.9055106e+07,0
13-11-2024,CRYPTOEXCHANGEWAZIRX,50.47,693801.25,6.9290085e+06,1
14-12-2024,IMPS/NA/XXX5678/RRN:123400567890/MOBTXN,47850.28,16.49,1.6693887e+07,0
24-02-2024,NETTXN:tatacliq,787221.94,3.08,4.8568585e+06,1
16-09-2024,CRYPTOEXCHANGEWAZIRX,712613.06,0.0,1.2898752e+06,1
10-03-2023,CRYPTOEXCHANGEWAZIRX,1922.19,297845.22,5.943654e+06,1
29-10-2024,NETTXN:TICKETBOOKINGAIRINDIA,0.0,412347.2,3.3227265e+06,1
02-04-2023,NETTXN:PAYBILL432109,746614.4,2.84,6.218631e+06,1
04-03-2023,NETTXN:DARVEYS,12.75,487367.6,5.367307e+06,1
21-02-2023,NETTXN:TICKETBOOKINGMAKEMYTRIP,8508.24,400.9,1.6648303e+07,0
14-03-2023,CRYPTOEXCHANGEBINANCE,43242.2,244.42,1.6974924e+07,0
14-03-2024,PCA:5001234567:PAYTMWAL9876543:PTM(PAYTM),198538.86,85839.38,6.766778e+06,1
11-04-2023,NETTXN:CASHDEPOSIT,342661.53,15178.86,7.540982e+06,1
04-02-2023,CRYPTOEXCHANGEWAZIRX,279982.7,1219.54,1.3723122e+07,0
30-08-2023,PCA:5001234567:345123987012345:DOMINOS,312.18,433342.2,1.0865971e+07,0
09-03-2023,NETTXN:TICKETBOOKINGAIRINDIA,248962.81,0.04,1.6850546e+07,0
04-11-2024,NETTXN:TICKETBOOKINGINDIGO,671688.2,3554.81,5.808826e+06,1
21-03-2023,CRYPTOEXCHANGECOINBASE,176635.45,82.6,1.5051932e+07,0
06-09-2023,NETTXN:tatacliq,613.81,293910.03,5.321513e+06,1
22-03-2023,CRYPTOEXCHANGEBINANCE,0.0,428425.6,4.270878e+06,1
24-02-2024,CRYPTOEXCHANGECOINBASE,0.51,611363.44,5.4256075e+06,1
12-04-2024,IMPS/NA/XXX5678/RRN:123400567890/MOBTXN,1132.18,421384.62,1.2317715e+07,0
04-03-2023,NETTXN:AJIOLUXE,612023.6,34.33,8.17458e+06,0
16-02-2023,CRYPTOEXCHANGECOINBASE,823287.7,16.01,4.6849025e+06,1
14-04-2023,NETTXN:tatacliq,227432.45,0.14,1.5158193e+07,0
27-03-2023,NETTXN:Aug21Sal234TANGOEINDIA,518593.47,0.01,1.2819846e+07,0
20-03-2023,NETTXN:TICKETBOOKINGMAKEMYTRIP,775462.2,3.06,6.1441115e+06,1
13-09-2023,ATMWithdrawal,1.91,585156.56,1.2867736e+07,0
26-02-2023,CRYPTOEXCHANGEWAZIRX,65757.7,35248.57,5.875365e+06,1
17-02-2023,NETTXN:TICKETBOOKINGINDIGO,339.25,290051.22,1.38267e+07,0
15-07-2024,IMPS/NA/XXX5678/RRN:123400567890/MOBTXN,292029.78,11.0,1.3785174e+07,0
20-10-2024,PCA:5001234567:PAYTMWAL9876543:PTM(PAYTM),0.35,714110.75,9.044283e+06,0
19-04-2024,NETTXN:EBAY,49.46,562555.3,1.4798802e+07,0
29-03-2023,IMPS/NA/XXX5678/RRN:987654321098/MOBTXN,20.14,346977.1,1.5148092e+07,0
26-09-2024,PCA:5001234567:1234567891234:LOCALSHOP,245030.62,357.75,1.2716406e+07,0
28-02-2023,CRYPTOEXCHANGECOINBASE,189.72,43532.06,1.7772632e+07,0
06-06-2023,NETTXN:TICKETBOOKINGYATRA,604499.7,0.0,1.226207e+07,0
02-12-2023,NETTXN:FLIPKART,0.36,717809.2,6.521411e+06,1
31-03-2023,NETTXN:CASHDEPOSIT,121.71,69527.86,1.6654211e+07,0
08-03-2023,IMPS/RAHULKUMAR/XXX5678/RRN:123456789012,49.65,272421.3,1.6890526e+07,0
09-02-2023,CRYPTOEXCHANGECOINBASE,0.13,649998.56,8.599032e+06,0
30-04-2024,NETTXN:AMAZON,98892.16,21724.79,6.158893e+06,1
25-05-2024,NETTXN:TICKETBOOKINGYATRA,118268.43,17263.74,5.1914295e+06,1
01-03-2023,CRYPTOEXCHANGEBINANCE,0.01,541080.7,5.0525455e+06,1
08-02-2023,CRYPTOEXCHANGEWAZIRX,832821.7,0.28,3.6442575e+06,1
20-10-2023,NETTXN:CASHDEPOSIT,24.44,682419.2,1.2328408e+07,0
18-07-2023,PCA:5001234567:098765432109876:FLIPKART,437.11,617827.44,1.4052938e+07,0
17-03-2023,NETTXN:AJIOLUXE,837.81,305035.28,5.321327e+06,1
07-08-2024,NETTXN:AMAZON,70118.71,755.66,1.7305502e+07,0
11-11-2024,PCA:5001234567:345123987012345:DOMINOS,717684.2,3298.94,6.4772495e+06,1
16-03-2023,NETTXN:AMAZON,1.23,674255.7,1.0730063e+07,0
06-01-2024,PCA:5001234567:PAYTMWAL9876543:PTM(PAYTM),299.01,314564.62,1.6236713e+07,0
29-04-2023,NETTXN:TICKETBOOKINGYATRA,0.07,535973.1,4.0284792e+06,1
22-08-2023,PCA:5001234567:567890123456789:BIGBAZAAR,616896.2,0.82,1.3658266e+07,0
03-09-2023,IMPS/RAHULKUMAR/XXX5679/RRN:123456789012,155291.52,161.81,1.4889708e+07,0
15-12-2024,IMPS/RAHULKUMAR/XXX5678/RRN:123456789012,3576.86,0.67,1.8884652e+07,0
18-10-2024,NETTXN:EBAY,158024.34,1998.8,7.885325e+06,0
16-04-2023,NETTXN:TICKETBOOKINGYATRA,51997.62,24390.22,5.510499e+06,1
14-03-2023,PCA:5001234567:567890123456789:BIGBAZAAR,5.3,725560.56,1.0353598e+07,0
28-03-2023,CRYPTOEXCHANGECOINBASE,3.29,660145.44,5.9745965e+06,1
06-03-2023,NETTXN:TICKETBOOKINGMAKEMYTRIP,806066.2,4.99,3.9440312e+06,1
14-02-2024,NETTXN:PAYBILL123456,17.65,603829.75,5.6686895e+06,1
02-10-2023,PCA:5001234567:345123987012345:DOMINOS,713065.75,0.0,2.603943e+06,1
24-02-2023,NETTXN:EBAY,584300.56,238.77,1.0040579e+07,0
16-11-2023,NETTXN:AMAZON,838131.6,15.78,4.236769e+06,1
23-02-2024,PCA:5001234567:765432109876543:ZOMATO,569563.5,0.0,1.2042308e+07,0
12-03-2023,PCA:5001234567:450987650123456:EBAY,114833.02,121.77,1.0221388e+07,0
17-03-2023,NETTXN:TICKETBOOKINGINDIGO,740504.56,0.05,5.4408145e+06,1
13-12-2024,NETTXN:farfetch,658.74,406540.03,1.3511199e+07,0
18-03-2023,NETTXN:TICKETBOOKINGMAKEMYTRIP,343489.72,6306.01,6.4324185e+06,1
24-03-2023,CASHDEPOSIT,17344.18,16822.86,1.4659895e+07,0
07-12-2023,PCA:5001234567:1234567891234:LOCALSHOP,287719.12,5765.09,5.2130895e+06,1
18-11-2024,NETTXN:TICKETBOOKINGINDIGO,246.33,181892.78,1.4401295e+07,0
22-03-2023,CRYPTOEXCHANGECOINBASE,2593.13,16077.21,1.4715816e+07,0
10-03-2023,PCA:5001234567:1234567891234:LOCALSHOP,526936.44,0.0,8.3147665e+06,0
11-06-2024,REVOFNETTXN:1234567890,709590.4,1477.39,6.0452785e+06,1
31-05-2023,CRYPTOEXCHANGEWAZIRX,107.31,335307.06,1.4369929e+07,0
22-07-2024,NETTXN:FLIPKART,28.47,287359.22,1.5320221e+07,0
20-03-2024,NETTXN:TICKETBOOKINGINDIGO,384763.84,1.71,1.3505889e+07,0
03-04-2023,NETTXN:TICKETBOOKINGYATRA,15236.82,84841.95,1.2558205e+07,0
12-07-2024,NETTXN:PAYBILL432109,51.26,250864.86,1.7174734e+07,0
11-03-2023,NETTXN:CASHDEPOSIT,4749.49,1236.35,1.566276e+07,0
09-04-2023,PCA:5001234567:450987650123456:EBAY,302010.4,0.0,1.8216856e+07,0
31-03-2023,IMPS/NA/XXX5678/RRN:876543210987/MOBTXN,10.26,688576.94,6.167954e+06,1
29-10-2024,CRYPTOEXCHANGECOINBASE,0.03,575046.44,5.2695095e+06,1
11-02-2023,NETTXN:TICKETBOOKINGINDIGO,97.87,525553.4,1.5369288e+07,0
16-07-2023,NETTXN:AMAZON,865156.75,5.79,4.820697e+06,1
02-09-2024,CRYPTOEXCHANGEBINANCE,827679.25,2.38,6.7442625e+06,1
05-02-2023,NETTXN:TICKETBOOKINGMAKEMYTRIP,0.01,735244.94,7.737776e+06,0
21-02-2023,IMPS/NA/XXX5678/RRN:876543210987/MOBTXN,85506.57,910.08,1.2513183e+07,0
08-03-2023,IMPS/RAHULKUMAR/XXX5679/RRN:123456789012,461751.53,0.05,1.1650534e+07,0
05-02-2023,NETTXN:TICKETBOOKINGMAKEMYTRIP,144.25,413915.97,1.4548785e+07,0
13-03-2023,CASHDEPOSIT,714302.0,0.74,5.3001445e+06,1
02-09-2023,PCA:5001234567:675849302948301:MUTUALFUNDS,9307.82,31899.06,1.5817101e+07,0
10-06-2024,NETTXN:AJIOLUXE,607139.7,20.79,8.213719e+06,0
02-02-2023,PCA:5001234567:765432109876543:ZOMATO,29.37,338220.38,1.5058225e+07,0
23-05-2023,NETTXN:TICKETBOOKINGMAKEMYTRIP,28.01,604054.5,1.215866e+07,0
09-03-2023,NETTXN:TICKETBOOKINGAIRINDIA,0.01,581341.9,5.119639e+06,1
06-11-2023,NETTXN:AMAZON,319.28,342378.62,1.5655069e+07,0
04-09-2023,NETTXN:TICKETBOOKINGAIRINDIA,683.14,600060.2,7.1222835e+06,1
16-03-2023,NETTXN:PAYBILL123456,7633.85,4589.37,1.6624298e+07,0
24-03-2023,NETTXN:AJIOLUXE,85.68,606454.9,8.231498e+06,0
09-04-2023,NETTXN:TICKETBOOKINGAIRINDIA,0.44,690929.25,6.528999e+06,1
11-02-2023,NETTXN:Aug21Sal234TANGOEINDIA,535865.2,0.4,1.2836205e+07,0
15-03-2023,PCA:5001234567:1234567891234:LOCALSHOP,856072.25,0.26,2.9271082e+06,1
28-03-2023,PCA:5001234567:765432109876543:ZOMATO,274489.0,1.52,1.4190669e+07,0
10-04-2023,NETTXN:TICKETBOOKINGYATRA,383327.8,0.0,1.3824511e+07,0
27-02-2023,NETTXN:PAYBILL432109,42331.73,1.66,1.752729e+07,0
22-03-2023,NETTXN:AJIOLUXE,27662.45,4511.22,1.5559306e+07,0
08-03-2023,CRYPTOEXCHANGEBINANCE,16035.66,6159.41,1.7543354e+07,0
13-03-2023,NETTXN:TICKETBOOKINGINDIGO,8.32,708656.0,7.6875355e+06,1
03-03-2023,NETTXN:TICKETBOOKINGAIRINDIA,76014.32,22327.73,8.082019e+06,0
02-04-2023,CRYPTOEXCHANGECOINBASE,961.43,314879.97,5.572093e+06,1
17-03-2023,PCA:5001234567:1234567891234:LOCALSHOP,773369.5,3.52,5.8370485e+06,1
27-04-2024,CRYPTOEXCHANGEWAZIRX,92091.23,308.32,1.498e+07,0
10-03-2023,NETTXN:TICKETBOOKINGYATRA,659576.25,0.0,6.7779245e+06,0
02-07-2023,NETTXN:TICKETBOOKINGAIRINDIA,753119.94,0.5,4.536364e+06,1
19-07-2024,IMPS/NA/XXX5678/RRN:123456789012/MOBTXN,0.0,550598.4,1.1267724e+07,0
15-10-2024,NETTXN:EBAY,3591.96,2634.39,1.8370802e+07,0
10-04-2023,NETTXN:tatacliq,1068.74,532957.56,6.4305135e+06,1
20-09-2023,NETTXN:PAYBILL432109,376024.84,10.86,1.3178822e+07,0
17-05-2023,PCA:5001234567:1234567891234:LOCALSHOP,608347.4,0.16,6.9291025e+06,0
08-10-2024,IMPS/NA/XXX5678/RRN:876543210987/MOBTXN,130799.73,2546.66,1.189342e+07,0
06-08-2023,NETTXN:FLIPKART,547917.2,0.0,9.382294e+06,0
03-03-2023,IMPS/RAHULKUMAR/XXX5678/RRN:123456789012,0.04,719542.94,7.741746e+06,0
14-02-2023,PCA:5001234567:1234567891234:LOCALSHOP,33.65,418874.9,1.7056548e+07,0
11-02-2024,NETTXN:AMAZON,738980.9,0.05,1.0132451e+07,0
30-06-2023,NETTXN:farfetch,42.08,521810.44,5.449875e+06,1
20-08-2023,CRYPTOEXCHANGEWAZIRX,24.55,677227.1,6.4578965e+06,1
01-06-2024,NETTXN:TICKETBOOKINGINDIGO,113.1,796475.06,7.785418e+06,1
18-02-2023,NETTXN:AMAZON,6.28,808255.1,7.406912e+06,1
14-02-2023,NETTXN:PAYBILL432109,107396.12,0.2,1.7026558e+07,0
08-03-2023,PCA:5001234567:450987650123456:EBAY,689903.75,0.0,4.682222e+06,1
06-10-2023,NETTXN:AMAZON,3510.63,136519.44,1.2325251e+07,0
15-11-2023,REFUNDOF:ZOMATO,587540.3,0.0,1.38123e+07,0
19-07-2024,PCA:5001234567:098765432109876:FLIPKART,643965.7,0.0,1.2939583e+07,0
10-03-2023,NETTXN:TICKETBOOKINGYATRA,10.78,439445.16,1.5620401e+07,0
18-06-2023,NETTXN:TICKETBOOKINGAIRINDIA,41995.76,0.82,1.6220916e+07,0
28-02-2023,NETTXN:TICKETBOOKINGAIRINDIA,582628.44,0.56,1.3591616e+07,0
24-03-2023,NETTXN:TICKETBOOKINGMAKEMYTRIP,0.0,402099.03,2.3704095e+06,1
19-03-2023,NETTXN:tatacliq,1053.73,153935.5,1.4042834e+07,0
13-03-2023,ATMWithdrawal,9.16,727940.06,6.43213e+06,1
23-05-2023,IMPS/NA/XXX5678/RRN:123400567890/MOBTXN,2.98,714773.5,6.7314705e+06,1
14-02-2023,NETTXN:CASHDEPOSIT,885.0,233248.1,5.383037e+06,1
27-02-2023,NETTXN:AJIOLUXE,5587.15,14296.89,1.5545455e+07,0
09-04-2023,NETTXN:TICKETBOOKINGAIRINDIA,1673.21,7276.71,1.7743526e+07,0
06-01-2024,REFUNDOF:ZOMATO,1.39,691244.0,9.881772e+06,0
02-04-2023,NETTXN:AMAZON,829143.4,121.14,5.003206e+06,1
13-03-2023,NETTXN:TICKETBOOKINGMAKEMYTRIP,0.0,497778.8,3.8040685e+06,1
10-04-2023,NETTXN:TICKETBOOKINGINDIGO,0.66,558649.2,5.491388e+06,1
29-03-2023,NETTXN:PAYBILL432109,445328.8,0.0,9.953225e+06,0
28-03-2023,NETTXN:TICKETBOOKINGAIRINDIA,0.04,620245.94,4.9502015e+06,1
24-03-2023,IMPS/RAHULKUMAR/XXX5678/RRN:123456789012,0.01,532214.6,1.3363507e+07,0
16-02-2024,NETTXN:tatacliq,402913.97,0.0,1.3320255e+07,0
07-09-2023,NETTXN:tatacliq,31075.24,5293.3,1.0566093e+07,0
28-10-2023,NETTXN:AMAZON,584407.25,0.03,1.2432509e+07,0
28-06-2023,CRYPTOEXCHANGECOINBASE,798896.4,32.55,4.4379975e+06,1
16-07-2023,CRYPTOEXCHANGECOINBASE,347.87,167928.4,1.723342e+07,0
10-10-2024,CRYPTOEXCHANGECOINBASE,36695.88,236.04,1.5998829e+07,0
07-03-2023,FundsTransfertoXX8765/CC001002010987654/MOBTXN,1053.64,658104.44,7.082323e+06,1
17-03-2023,NETTXN:tatacliq,5500.19,12984.61,1.6529761e+07,0
26-01-2023,PCA:5001234567:345123987012345:DOMINOS,155470.23,0.09,1.7839072e+07,0
14-12-2023,PCA:5001234567:1234567891234:LOCALSHOP,6390.85,20110.9,1.3496507e+07,0
20-04-2023,FundsTransfertoXX8765/CC001002010123456/MOBTXN,797427.2,83.98,5.35307e+06,1
27-03-2023,NETTXN:EBAY,495.19,130280.09,1.7524856e+07,0
18-10-2024,CRYPTOEXCHANGEWAZIRX,2291.28,52.53,1.7411364e+07,0
03-04-2023,PCA:5001234567:450987650123456:EBAY,1001.65,127932.98,4.2319865e+06,1
16-02-2023,NETTXN:FLIPKART,706654.75,0.03,5.0095175e+06,1
26-09-2024,REVOFNETTXN:1234567890,48058.58,143.0,1.6286543e+07,0
02-03-2023,NETTXN:CASHDEPOSIT,93.5,813633.25,7.6801115e+06,1
18-10-2024,NETTXN:FLIPKART,1.7,642047.8,5.948752e+06,1
04-08-2023,IMPS/NA/XXX5678/RRN:123456789012/MOBTXN,337166.44,289.41,3.4745522e+06,1
05-03-2023,NETTXN:TICKETBOOKINGAIRINDIA,1.28,577883.1,5.6295935e+06,1
29-03-2023,PCA:5001234567:123456789012345:AMAZON,133797.17,1154.22,1.3405202e+07,0
07-04-2023,PCA:5001234567:1234567891234:LOCALSHOP,0.36,604691.3,5.6881425e+06,1
11-04-2024,NETTXN:TICKETBOOKINGMAKEMYTRIP,777732.06,40.51,6.931111e+06,1
09-04-2024,NETTXN:AMAZON,3.05,662909.9,6.4470065e+06,1
20-09-2024,PCA:5001234567:1234567891234:LOCALSHOP,817822.75,51.69,5.156472e+06,1
25-01-2024,IMPS/NA/XXX5678/RRN:123400567890/MOBTXN,64278.56,12711.77,1.4968095e+07,0
27-03-2023,REVOFNETTXN:1234567890,725234.25,0.02,6.5466705e+06,0
25-02-2023,NETTXN:TICKETBOOKINGAIRINDIA,537518.44,267.08,4.5553535e+06,1
19-07-2023,IMPS/NA/XXX5678/RRN:987654321098/MOBTXN,262990.66,10185.92,9.700976e+06,0
28-03-2023,NETTXN:DARVEYS,20.93,741223.94,6.5932145e+06,1
14-03-2023,PCA:5001234567:123456789012345:AMAZON,0.12,553878.75,4.617211e+06,1
17-10-2023,IMPS/NA/XXX5678/RRN:987654321098/MOBTXN,1361.35,19967.1,1.5889322e+07,0
25-07-2024,NETTXN:tatacliq,751489.4,21.49,4.42845e+06,1
24-03-2023,CRYPTOEXCHANGEWAZIRX,12678.46,213027.55,9.548387e+06,1
21-04-2023,NETTXN:PAYBILL987654,661.57,15539.83,1.8254212e+07,0
21-09-2023,NETTXN:TICKETBOOKINGMAKEMYTRIP,398.58,740130.4,7.4520505e+06,1
26-02-2023,PCA:5001234567:567890123456789:BIGBAZAAR,10653.56,3091.03,1.8036272e+07,0
22-06-2023,IMPS/RAHULKUMAR/XXX5679/RRN:123456789012,748344.6,158.96,5.919932e+06,1
02-05-2024,CRYPTOEXCHANGEWAZIRX,12.53,735537.94,1.1964236e+07,0
08-10-2024,CASHDEPOSIT,300524.6,79.13,1.3149341e+07,0
11-05-2023,FundsTransfertoXX8765,845090.75,17.24,4.426917e+06,1
08-03-2023,PCA:5001234567:450987650123456:EBAY,806570.4,0.0,2.3541425e+06,1
30-07-2023,NETTXN:FLIPKART,45063.1,486.71,1.5354139e+07,0
20-03-2023,NETTXN:AJIOLUXE,108185.55,0.19,1.1433108e+07,0
28-02-2023,CASHDEPOSIT,65478.18,25.0,1.7201218e+07,0
23-02-2023,NETTXN:TICKETBOOKINGAIRINDIA,108190.18,4372.72,1.5089128e+07,0
20-04-2023,EMItowardsLoanNo00234567,7053.16,2032.58,1.8002076e+07,0
29-08-2023,NETTXN:TICKETBOOKINGAIRINDIA,4022.49,267323.7,1.2170339e+07,0
16-02-2023,EMItowardsLoanNo00234567,0.0,528686.7,3.9589945e+06,1
25-08-2023,REFUNDOF:ZOMATO,2635.4,346352.7,6.3701255e+06,1
24-02-2023,NETTXN:AJIOLUXE,907828.94,0.07,3.386703e+06,1
22-12-2023,FundsTransfertoXX8765/CC001002010123456/MOBTXN,22.02,714671.06,8.74699e+06,0
11-03-2023,PCA:5001234567:765432109876543:ZOMATO,0.03,596340.6,5.100733e+06,1
01-04-2023,NETTXN:CASHDEPOSIT,657557.06,0.0,1.0884017e+07,0
21-03-2023,CRYPTOEXCHANGEWAZIRX,41.24,512583.53,5.383826e+06,1
18-03-2023,NETTXN:TICKETBOOKINGYATRA,10.06,549082.6,5.308536e+06,1
28-03-2023,CRYPTOEXCHANGEBINANCE,517207.6,453.28,9.826287e+06,0
16-04-2023,NETTXN:CASHDEPOSIT,6.55,594329.94,5.1802355e+06,1
22-02-2023,PCA:5001234567:1234567891234:LOCALSHOP,41039.12,488.83,1.5842391e+07,0
11-03-2023,IMPS/RAHULKUMAR/XXX5679/RRN:123456789012,17.24,606043.7,1.4222557e+07,0
14-02-2023,NETTXN:DARVEYS,0.01,536842.0,4.5608555e+06,1
27-03-2023,NETTXN:TICKETBOOKINGMAKEMYTRIP,263222.25,170.66,1.5193371e+07,0
21-03-2023,EMItowardsLoanNo00234567,7901.55,253.35,1.6875718e+07,0
24-03-2023,NETTXN:Aug21Sal234TANGOEINDIA,265306.34,3135.58,5.137516e+06,1
16-06-2023,NETTXN:AMAZON,7.02,764987.5,9.27454e+06,0
13-03-2023,CRYPTOEXCHANGEWAZIRX,392.21,161912.47,1.4886109e+07,0
25-02-2023,IMPS/NA/XXX5678/RRN:123400567890/MOBTXN,1175.86,87090.77,1.5226298e+07,0
16-03-2023,FundsTransfertoXX8765/CC001002010987654/MOBTXN,717208.2,0.02,4.536554e+06,1
13-03-2023,PCA:5001234567:PAYTMWAL9876543:PTM(PAYTM),663989.3,0.08,1.1422907e+07,0
16-02-2024,REVOFNETTXN:1234567890,173061.22,0.05,1.690588e+07,0
16-03-2023,PCA:5001234567:123456789012345:AMAZON,0.03,586456.44,4.9020005e+06,1
18-08-2023,PCA:5001234567:1234567891234:LOCALSHOP,576.44,38162.14,1.8575246e+07,0
19-09-2024,PCA:5001234567:PAYTMWAL9876543:PTM(PAYTM),0.0,468432.44,2.8803642e+06,1
30-09-2024,NETTXN:TICKETBOOKINGINDIGO,110.52,595808.2,1.3269903e+07,0
01-02-2024,NETTXN:TICKETBOOKINGAIRINDIA,5.27,619498.2,1.0546746e+07,0
13-04-2023,EMItowardsLoanNo00234567,574879.5,0.0,1.4017018e+07,0
25-02-2023,NETTXN:AJIOLUXE,36531.07,6.12,1.756638e+07,0
22-03-2023,NETTXN:TICKETBOOKINGYATRA,96.63,74855.58,1.6594223e+07,0
16-10-2024,CRYPTOEXCHANGECOINBASE,515.82,423608.62,9.421814e+06,0
15-05-2024,CRYPTOEXCHANGEWAZIRX,0.13,580904.8,4.4374025e+06,1
28-09-2024,REVOFNETTXN:1234567890,10381.37,78.92,1.848469e+07,0
30-08-2024,NETTXN:FLIPKART,0.24,716779.6,8.598168e+06,0
31-10-2024,CRYPTOEXCHANGEBINANCE,14239.94,122.94,1.6179382e+07,0
03-09-2023,NETTXN:FLIPKART,40.43,706709.25,1.0220596e+07,0
30-03-2023,PCA:5001234567:PAYTMWAL9876543:PTM(PAYTM),159.03,437590.38,5.2206915e+06,1
19-04-2024,REVOFNETTXN:1234567890,0.0,488501.88,3.944784e+06,1
10-12-2024,CRYPTOEXCHANGEBINANCE,0.07,606979.94,5.018656e+06,1
22-03-2023,PCA:5001234567:765432109876543:ZOMATO,710502.8,0.01,3.3343642e+06,1
19-02-2023,FundsTransfertoXX8765/CC001002010123456/MOBTXN,380301.9,12093.4,9.255181e+06,0
26-03-2023,NETTXN:TICKETBOOKINGAIRINDIA,459945.7,1.52,1.2110342e+07,0
12-02-2024,IMPS/NA/XXX5678/RRN:987654321098/MOBTXN,251419.9,0.15,1.6840486e+07,0
23-03-2023,IMPS/NA/XXX5678/RRN:876543210987/MOBTXN,5900.85,220.45,1.8811318e+07,0
28-12-2023,IMPS/NA/XXX5678/RRN:123456789012/MOBTXN,217232.8,0.02,1.3760823e+07,0
29-06-2023,IMPS/NA/XXX5678/RRN:123400567890/MOBTXN,313029.5,3669.59,4.741426e+06,1
13-02-2023,NETTXN:farfetch,4222.42,421648.1,1.4197064e+07,0
19-02-2023,IMPS/RAHULKUMAR/XXX5679/RRN:123456789012,442295.53,2.69,1.5056251e+07,0
26-02-2023,CRYPTOEXCHANGEBINANCE,779879.06,8.83,4.760842e+06,1
02-03-2023,NETTXN:farfetch,389893.72,0.48,1.320802e+07,0
07-02-2023,IMPS/RAHULKUMAR/XXX5678/RRN:123456789012,3040.1,256986.19,1.1272492e+07,0
16-03-2023,CASHDEPOSIT,801212.94,116.13,6.2869685e+06,1
23-03-2023,EMItowardsLoanNo00234567,69110.14,707.15,1.4448399e+07,0
11-03-2023,PCA:5001234567:567890123456789:BIGBAZAAR,1.98,545378.1,1.3550883e+07,0
11-06-2024,IMPS/NA/XXX5678/RRN:987654321098/MOBTXN,162578.23,68.75,1.4273236e+07,0
03-09-2024,NETTXN:EBAY,3.4,816310.2,1.0497814e+07,0
21-06-2024,NETTXN:TICKETBOOKINGMAKEMYTRIP,11567.72,30527.12,1.6708913e+07,0
15-07-2024,NETTXN:DARVEYS,700022.4,0.23,4.9256945e+06,1
02-08-2023,NETTXN:TICKETBOOKINGAIRINDIA,344078.12,6.23,1.3746036e+07,0
17-02-2023,NETTXN:PAYBILL123456,735208.2,0.0,9.105418e+06,0
18-02-2023,EMItowardsLoanNo00234567,703359.25,0.0,4.146291e+06,1
09-11-2023,NETTXN:TICKETBOOKINGINDIGO,634089.4,0.0,7.21694e+06,0
22-03-2023,NETTXN:TICKETBOOKINGMAKEMYTRIP,3724.21,3631.82,1.771211e+07,0
07-02-2023,CRYPTOEXCHANGECOINBASE,8563.41,11004.2,1.2747148e+07,0
16-07-2023,IMPS/NA/XXX5678/RRN:123456789012/MOBTXN,743314.6,2.84,5.3645835e+06,1
15-02-2024,NETTXN:TICKETBOOKINGINDIGO,114074.31,2356.2,1.34845e+07,0
22-03-2023,NETTXN:TICKETBOOKINGAIRINDIA,32.9,426567.75,1.3613818e+07,0
13-04-2023,IMPS/NA/XXX5678/RRN:123400567890/MOBTXN,620303.9,0.16,1.3821957e+07,0
26-08-2023,FundsTransfertoXX8765/CC001002010123456/MOBTXN,5556.56,10522.99,1.605225e+07,0
18-05-2023,NETTXN:TICKETBOOKINGMAKEMYTRIP,979.53,439714.2,7.185866e+06,1
09-03-2023,NETTXN:TICKETBOOKINGINDIGO,398394.88,1.0,1.5260163e+07,0
01-02-2024,NETTXN:TICKETBOOKINGYATRA,564918.3,0.36,1.1322263e+07,0
19-11-2024,NETTXN:TICKETBOOKINGINDIGO,616453.6,19.59,8.197961e+06,0
01-03-2023,NETTXN:FLIPKART,0.7,585881.8,5.248961e+06,1
23-10-2023,PCA:5001234567:1234567891234:LOCALSHOP,243117.69,8.84,1.5841366e+07,0
05-09-2023,CRYPTOEXCHANGEWAZIRX,662430.7,7.67,1.0718103e+07,0
30-08-2024,PCA:5001234567:123456789012345:AMAZON,0.0,558568.9,5.379792e+06,1
26-02-2024,IMPS/RAHULKUMAR/XXX5679/RRN:123456789012,0.0,474990.38,3.3306118e+06,1
04-11-2023,IMPS/NA/XXX5678/RRN:987654321098/MOBTXN,64.2,100471.66,1.9144614e+07,0
06-03-2023,NETTXN:TICKETBOOKINGINDIGO,316615.72,3.3,1.1545083e+07,0
12-04-2023,REVOFNETTXN:1234567890,189919.8,1165.5,1.2080133e+07,0
03-09-2024,REFUNDOF:ZOMATO,465990.12,2.84,1.250449e+07,0
02-06-2024,PCA:5001234567:567890123456789:BIGBAZAAR,150.22,221704.45,1.6234545e+07,0
04-08-2024,NETTXN:FLIPKART,284460.72,2000.77,1.1419144e+07,0
11-03-2023,PCA:5001234567:098765432109876:FLIPKART,11382.46,36.11,1.7225102e+07,0
23-02-2023,CRYPTOEXCHANGEBINANCE,0.0,513907.1,5.212688e+06,1
01-10-2024,NETTXN:tatacliq,11.93,756562.5,6.5104155e+06,1
04-03-2023,NETTXN:CASHDEPOSIT,669158.9,0.0,9.255796e+06,0
08-11-2023,NETTXN:DARVEYS,98943.73,1236.03,1.2218794e+07,0
05-04-2023,NETTXN:farfetch,8.52,531897.6,1.3430679e+07,0
31-03-2023,NETTXN:PAYBILL432109,769224.25,2.56,4.3156855e+06,1
12-03-2023,NETTXN:PAYBILL123456,682844.4,2.07,8.247075e+06,0
24-08-2024,NETTXN:Aug21Sal234TANGOEINDIA,720.49,249036.06,1.4378221e+07,0
16-11-2024,NETTXN:EBAY,22.61,776444.75,1.1407158e+07,0
25-03-2024,NETTXN:DARVEYS,3.12,694126.8,1.1321004e+07,0
08-08-2023,CRYPTOEXCHANGEBINANCE,789509.25,134.3,6.2838375e+06,1
16-03-2023,NETTXN:DARVEYS,536636.44,587.71,7.7890285e+06,1
17-02-2023,NETTXN:Aug21Sal234TANGOEINDIA,0.0,560811.1,6.496317e+06,0
21-02-2023,PCA:5001234567:1234567891234:LOCALSHOP,656024.7,2419.17,6.402349e+06,1
25-02-2024,FundsTransfertoXX8765/CC001002010987654/MOBTXN,660357.56,17.14,1.0630736e+07,0
16-04-2023,NETTXN:DARVEYS,0.02,614687.75,5.1507665e+06,1
13-03-2023,CRYPTOEXCHANGECOINBASE,0.41,752761.44,6.8518095e+06,1
09-04-2024,NETTXN:tatacliq,697390.56,0.0,4.244181e+06,1
23-10-2023,NETTXN:TICKETBOOKINGYATRA,3.75,664056.7,1.2745151e+07,0
31-03-2023,NETTXN:farfetch,138.63,360998.6,4.6566735e+06,1
02-11-2024,NETTXN:farfetch,812695.7,2.95,4.552367e+06,1
24-03-2024,IMPS/NA/XXX5678/RRN:123456789012/MOBTXN,63.33,260132.81,1.5506113e+07,0
03-02-2023,NETTXN:TICKETBOOKINGMAKEMYTRIP,759.64,314386.78,1.4053736e+07,0
06-05-2024,NETTXN:TICKETBOOKINGINDIGO,920.92,8224.53,1.8248218e+07,0
08-08-2024,FundsTransfertoXX8765/CC001002010987654/MOBTXN,0.0,574273.94,4.755394e+06,1
03-03-2024,NETTXN:tatacliq,8.12,808477.4,1.1816791e+07,0
03-03-2023,PCA:5001234567:PAYTMWAL9876543:PTM(PAYTM),7613.75,157283.08,9.596736e+06,0
06-03-2023,PCA:5001234567:098765432109876:FLIPKART,2416.99,134479.53,1.5660493e+07,0
23-02-2023,NETTXN:EBAY,0.15,647936.1,1.3911761e+07,0
14-02-2023,PCA:5001234567:1234567891234:LOCALSHOP,2778.07,27028.66,1.682083e+07,0
16-03-2023,PCA:5001234567:765432109876543:ZOMATO,0.0,463986.1,3.1067508e+06,1
12-03-2023,NETTXN:TICKETBOOKINGAIRINDIA,462.64,28083.41,1.7526508e+07,0
21-03-2023,CRYPTOEXCHANGECOINBASE,0.11,643667.3,9.698195e+06,0
26-05-2023,NETTXN:AMAZON,2.39,766290.06,1.2379069e+07,0
21-02-2023,NETTXN:DARVEYS,813672.2,12.75,4.759798e+06,1
22-08-2023,NETTXN:PAYBILL987654,74.55,658635.9,8.542748e+06,0
12-03-2023,NETTXN:DARVEYS,279.58,8534.76,1.9122884e+07,0
09-01-2025,IMPS/NA/XXX5678/RRN:876543210987/MOBTXN,625187.06,0.02,9.591579e+06,0
15-07-2023,NETTXN:tatacliq,150352.48,2884.08,1.2327697e+07,0
21-03-2023,ATMWithdrawal,175819.02,114.46,1.1926085e+07,0
17-03-2023,NETTXN:AJIOLUXE,2306.76,3123.14,1.6831434e+07,0
04-05-2023,NETTXN:EBAY,143999.67,0.01,1.6723226e+07,0
15-03-2023,CRYPTOEXCHANGEWAZIRX,736.19,502936.6,6.3633345e+06,1
26-03-2023,PCA:5001234567:PAYTMWAL9876543:PTM(PAYTM),7.18,760852.2,6.755258e+06,1
28-03-2024,NETTXN:farfetch,22345.5,4126.76,1.3005769e+07,0
19-02-2024,NETTXN:AMAZON,0.28,550103.06,4.875238e+06,1
24-07-2023,PCA:5001234567:PAYTMWAL9876543:PTM(PAYTM),154917.0,1194.29,3.040079e+06,1
09-03-2023,IMPS/NA/XXX5678/RRN:123456789012/MOBTXN,2.76,727815.4,7.098041e+06,1
19-05-2023,NETTXN:EBAY,14531.85,4197.25,1.5893385e+07,0
19-03-2023,NETTXN:AJIOLUXE,17.28,703700.06,1.3525208e+07,0
18-01-2024,NETTXN:tatacliq,284653.88,0.2,1.5335158e+07,0
31-03-2023,REFUNDOF:ZOMATO,273293.03,5.7,1.5971476e+07,0
12-04-2023,CRYPTOEXCHANGEBINANCE,224726.16,1.29,1.3448172e+07,0
27-02-2023,IMPS/NA/XXX5678/RRN:876543210987/MOBTXN,61529.66,83.19,1.5592052e+07,0
22-02-2023,NETTXN:FLIPKART,39.54,785078.3,1.058127e+07,0
01-12-2023,NETTXN:AMAZON,9908.26,262606.88,6.1450395e+06,1
21-06-2024,NETTXN:TICKETBOOKINGYATRA,499430.7,0.0,1.4751576e+07,0
01-03-2023,PCA:5001234567:567890123456789:BIGBAZAAR,0.01,514329.38,4.1623558e+06,1
18-03-2023,IMPS/NA/XXX5678/RRN:123456789012/MOBTXN,649650.7,0.72,1.0916772e+07,0
10-05-2024,NETTXN:TICKETBOOKINGYATRA,0.24,659246.5,6.0081615e+06,1
18-01-2024,PCA:5001234567:675849302948301:MUTUALFUNDS,17.19,484952.3,1.197654e+07,0
20-03-2023,NETTXN:TICKETBOOKINGINDIGO,0.38,814917.25,9.433491e+06,0
02-07-2023,CASHDEPOSIT,6395.45,30301.37,1.4643882e+07,0
26-03-2023,IMPS/NA/XXX5678/RRN:123456789012/MOBTXN,720378.2,183.26,8.484754e+06,0
07-02-2023,REVOFNETTXN:1234567890,92.83,711545.8,7.0339835e+06,1
26-02-2023,REVOFNETTXN:1234567890,91693.77,105.02,1.6059436e+07,0
13-02-2023,NETTXN:PAYBILL987654,0.26,648790.94,5.7597325e+06,1
29-10-2024,REVOFNETTXN:1234567890,4.81,704862.3,6.713179e+06,1
15-03-2023,CRYPTOEXCHANGEBINANCE,0.18,645611.94,6.0315265e+06,1
30-09-2023,NETTXN:EBAY,6440.4,1078.08,1.6267016e+07,0
03-03-2023,NETTXN:TICKETBOOKINGMAKEMYTRIP,218791.8,0.0,1.5934438e+07,0
06-01-2024,ATMWithdrawal,195.46,444883.56,1.4533312e+07,0
28-04-2023,NETTXN:TICKETBOOKINGMAKEMYTRIP,27291.56,14.2,1.7055864e+07,0
18-02-2024,IMPS/RAHULKUMAR/XXX5678/RRN:123456789012,755931.7,0.17,7.68933e+06,1
01-05-2023,NETTXN:CASHDEPOSIT,0.1,605512.56,5.856578e+06,1
02-04-2024,NETTXN:Aug21Sal234TANGOEINDIA,3437.44,457067.47,6.8342705e+06,1
26-04-2023,PCA:5001234567:675849302948301:MUTUALFUNDS,0.1,598256.9,5.8324655e+06,1
19-04-2023,NETTXN:TICKETBOOKINGMAKEMYTRIP,1116.68,367396.53,6.948458e+06,1
16-02-2023,NETTXN:FLIPKART,626806.4,0.0,1.148194e+07,0
06-04-2023,NETTXN:EBAY,0.75,655754.06,6.179293e+06,1
23-03-2023,PCA:5001234567:450987650123456:EBAY,777316.56,8.64,6.1353895e+06,1
17-03-2023,CRYPTOEXCHANGEBINANCE,64252.65,15978.66,1.0985437e+07,0
25-09-2023,IMPS/NA/XXX5678/RRN:876543210987/MOBTXN,2232.36,210.43,1.8680808e+07,0
26-03-2023,PCA:5001234567:450987650123456:EBAY,361282.56,10357.78,6.661577e+06,1
28-02-2023,NETTXN:TICKETBOOKINGINDIGO,975.14,757602.56,7.5867985e+06,1
22-03-2023,NETTXN:TICKETBOOKINGYATRA,21526.5,7.12,1.815478e+07,0
07-09-2024,NETTXN:EBAY,743071.25,0.0,2.7548575e+06,1
09-03-2023,IMPS/NA/XXX5678/RRN:987654321098/MOBTXN,53.45,306368.5,1.177369e+07,0
01-04-2023,REFUNDOF:ZOMATO,795081.44,0.0,3.2979912e+06,1
09-03-2023,NETTXN:TICKETBOOKINGAIRINDIA,133099.0,0.15,1.7228468e+07,0
16-01-2024,PCA:5001234567:098765432109876:FLIPKART,161800.98,251.29,1.1407276e+07,0
20-03-2023,NETTXN:farfetch,763973.6,2.43,4.459997e+06,1
30-06-2023,CASHDEPOSIT,0.44,610027.3,1.3052727e+07,0
08-04-2023,FundsTransfertoXX8765,492074.9,0.0,1.6149652e+07,0
03-09-2024,NETTXN:TICKETBOOKINGAIRINDIA,91925.37,13229.27,1.3226061e+07,0
11-02-2023,PCA:5001234567:450987650123456:EBAY,4.54,418903.8,1.5808964e+07,0
05-04-2023,PCA:5001234567:1234567891234:LOCALSHOP,743622.56,1.18,8.605906e+06,0
18-03-2023,NETTXN:TICKETBOOKINGYATRA,829.86,420017.03,5.8615835e+06,1
13-03-2023,PCA:5001234567:567890123456789:BIGBAZAAR,15287.38,3640.37,1.6039857e+07,0
24-04-2023,CASHDEPOSIT,15.47,668137.5,6.0181535e+06,1
17-02-2023,NETTXN:EBAY,33972.55,58579.91,5.3200685e+06,1
22-08-2023,PCA:5001234567:567890123456789:BIGBAZAAR,789762.2,1.32,4.774234e+06,1
17-12-2023,PCA:5001234567:567890123456789:BIGBAZAAR,653443.6,0.0,4.1492525e+06,1
10-03-2023,NETTXN:TICKETBOOKINGAIRINDIA,1028.46,128210.09,1.5640233e+07,0
22-03-2023,CRYPTOEXCHANGEWAZIRX,240346.94,2379.16,9.649954e+06,0
22-01-2024,PCA:5001234567:1234567891234:LOCALSHOP,672410.2,0.0,1.3279333e+07,0
04-04-2023,NETTXN:TICKETBOOKINGINDIGO,350136.62,531.06,3.7856152e+06,1
14-03-2024,IMPS/NA/XXX5678/RRN:876543210987/MOBTXN,0.22,688494.25,6.2595955e+06,1
14-03-2023,NETTXN:PAYBILL987654,0.03,596579.44,4.941829e+06,1
24-10-2024,NETTXN:TICKETBOOKINGMAKEMYTRIP,0.36,701678.0,9.876032e+06,0
27-03-2023,NETTXN:TICKETBOOKINGAIRINDIA,0.16,621665.56,5.1462675e+06,1
24-03-2023,NETTXN:TICKETBOOKINGMAKEMYTRIP,0.01,572825.56,4.2028385e+06,1
22-07-2023,NETTXN:PAYBILL432109,450455.84,0.59,9.826083e+06,0
18-03-2023,CRYPTOEXCHANGECOINBASE,0.02,642803.75,5.765837e+06,1
08-05-2023,PCA:5001234567:1234567891234:LOCALSHOP,335135.9,114.11,9.881495e+06,0
03-03-2024,NETTXN:farfetch,745033.94,0.25,4.8014325e+06,1
24-03-2023,EMItowardsLoanNo00234567,755960.56,4.33,5.898206e+06,1
30-01-2024,CRYPTOEXCHANGEBINANCE,810431.5,40.79,5.147397e+06,1
03-03-2024,NETTXN:PAYBILL123456,2017.51,88696.07,4.6198805e+06,1
10-04-2023,CRYPTOEXCHANGEWAZIRX,718684.8,186.61,4.0587062e+06,1
29-04-2023,NETTXN:Aug21Sal234TANGOEINDIA,220.55,200725.44,1.583185e+07,0
13-03-2024,PCA:5001234567:PAYTMWAL9876543:PTM(PAYTM),916.0,687666.2,9.991608e+06,0
16-03-2023,PCA:5001234567:PAYTMWAL9876543:PTM(PAYTM),0.38,629212.25,6.052843e+06,1
08-03-2023,PCA:5001234567:450987650123456:EBAY,125951.04,2.76,1.545351e+07,0
15-09-2024,PCA:5001234567:123456789012345:AMAZON,666.95,110985.61,1.5747181e+07,0
03-04-2023,CRYPTOEXCHANGEWAZIRX,16.86,682149.7,6.561254e+06,1
02-06-2023,NETTXN:DARVEYS,17.97,367447.53,1.697424e+07,0
10-07-2023,PCA:5001234567:675849302948301:MUTUALFUNDS,54728.91,3.76,1.7571092e+07,0
17-03-2024,IMPS/NA/XXX5678/RRN:123400567890/MOBTXN,8496.34,26321.55,1.5177658e+07,0
17-02-2023,PCA:5001234567:567890123456789:BIGBAZAAR,820520.4,6.45,3.525258e+06,1
08-05-2024,CRYPTOEXCHANGECOINBASE,721909.4,0.01,6.0315215e+06,1
12-04-2024,NETTXN:FLIPKART,7286.28,3625.78,1.6082492e+07,0
14-09-2024,NETTXN:tatacliq,776584.56,339.11,5.684763e+06,1
01-02-2023,NETTXN:CASHDEPOSIT,686227.8,1652.16,6.6742265e+06,1
15-03-2023,CRYPTOEXCHANGEBINANCE,30.41,595453.06,6.0869365e+06,1
22-02-2023,IMPS/NA/XXX5678/RRN:987654321098/MOBTXN,858004.75,16.42,4.690625e+06,1
25-05-2024,CRYPTOEXCHANGECOINBASE,0.11,192795.14,1.934563e+07,0
03-10-2023,CRYPTOEXCHANGECOINBASE,62.03,613393.75,1.4988564e+07,0
24-04-2023,PCA:5001234567:1234567891234:LOCALSHOP,118775.48,4911.91,3.7740792e+06,1
08-02-2023,IMPS/NA/XXX5678/RRN:123456789012/MOBTXN,2062.7,7934.82,1.6752023e+07,0
14-03-2023,PCA:5001234567:765432109876543:ZOMATO,2862.88,174013.31,1.3538999e+07,0
11-01-2023,NETTXN:AMAZON,122.48,787688.9,7.76161e+06,1
11-01-2023,NETTXN:EBAY,755237.2,1.44,4.1166408e+06,1
31-03-2023,REFUNDOF:ZOMATO,18360.78,1453.85,1.5951148e+07,0
12-03-2023,NETTXN:farfetch,0.57,668627.94,6.7088175e+06,1
25-02-2023,NETTXN:PAYBILL432109,0.5,547206.9,1.1719131e+07,0
08-09-2023,IMPS/NA/XXX5678/RRN:123400567890/MOBTXN,28.52,753864.2,7.0709675e+06,1
27-03-2023,PCA:5001234567:675849302948301:MUTUALFUNDS,215409.44,821.11,1.3427553e+07,0
21-02-2023,CRYPTOEXCHANGEWAZIRX,812397.25,10.23,4.2524755e+06,1
02-01-2025,NETTXN:EBAY,509764.88,0.0,1.1554705e+07,0
05-06-2024,ATMWithdrawal,108630.25,257.38,1.5744351e+07,0
17-03-2023,IMPS/NA/XXX5678/RRN:123400567890/MOBTXN,5955.73,92129.21,1.2097404e+07,0
18-04-2023,NETTXN:AJIOLUXE,0.06,621330.56,1.1883249e+07,0
12-12-2024,NETTXN:TICKETBOOKINGAIRINDIA,116.06,823437.75,7.606365e+06,1
09-11-2024,IMPS/NA/XXX5678/RRN:987654321098/MOBTXN,90428.85,68.72,1.4168271e+07,0
14-06-2023,NETTXN:PAYBILL123456,793540.56,290.94,5.719594e+06,1
13-04-2023,PCA:5001234567:1234567891234:LOCALSHOP,2099.39,586315.4,9.024638e+06,0
08-11-2023,CRYPTOEXCHANGEWAZIRX,821587.4,11.63,7.0850895e+06,1
20-03-2023,NETTXN:AJIOLUXE,6.66,552817.94,1.4191905e+07,0
18-11-2024,PCA:5001234567:675849302948301:MUTUALFUNDS,0.02,544205.94,4.4502245e+06,1
21-01-2024,NETTXN:AJIOLUXE,643422.06,0.0,9.269376e+06,0
12-03-2023,FundsTransfertoXX8765,3161.19,324817.03,6.527166e+06,1
11-09-2023,NETTXN:AMAZON,15.97,553917.9,5.5404085e+06,1
23-12-2024,NETTXN:DARVEYS,2963.19,5794.09,1.624799e+07,0
21-06-2024,CRYPTOEXCHANGEWAZIRX,803350.94,36.85,1.1632454e+07,0
16-03-2023,CRYPTOEXCHANGEWAZIRX,280963.0,260.51,1.5111978e+07,0
17-10-2023,NETTXN:TICKETBOOKINGINDIGO,2726.19,26319.9,1.730807e+07,0
30-01-2023,IMPS/RAHULKUMAR/XXX5678/RRN:123456789012,873363.2,0.0,2.2913212e+06,1
01-03-2023,IMPS/RAHULKUMAR/XXX5678/RRN:123456789012,0.87,713432.94,6.3405455e+06,1
31-03-2023,IMPS/NA/XXX5678/RRN:876543210987/MOBTXN,661.24,238791.69,1.5406648e+07,0
22-09-2023,IMPS/NA/XXX5678/RRN:876543210987/MOBTXN,859712.9,48.75,5.7468975e+06,1
30-05-2023,NETTXN:TICKETBOOKINGAIRINDIA,497233.9,14.7,1.3607046e+07,0
28-02-2023,NETTXN:TICKETBOOKINGMAKEMYTRIP,137916.08,0.12,1.5738563e+07,0
20-04-2024,NETTXN:TICKETBOOKINGYATRA,576886.1,826.42,8.925775e+06,0
05-08-2024,NETTXN:farfetch,52394.69,67570.52,5.9961265e+06,1
09-10-2024,EMItowardsLoanNo00234567,134.74,248167.2,1.6387731e+07,0
04-03-2023,PCA:5001234567:675849302948301:MUTUALFUNDS,2404.67,19711.87,1.7753288e+07,0
26-02-2023,IMPS/NA/XXX5678/RRN:987654321098/MOBTXN,368084.8,0.0,1.216174e+07,0
23-05-2023,PCA:5001234567:1234567891234:LOCALSHOP,106.29,710372.0,9.217403e+06,0
15-01-2023,PCA:5001234567:345123987012345:DOMINOS,136.81,690587.6,1.114441e+07,0
14-02-2023,NETTXN:AJIOLUXE,20.74,578595.2,1.3281535e+07,0
12-01-2024,PCA:5001234567:765432109876543:ZOMATO,3385.74,92261.12,1.400239e+07,0
17-10-2024,EMItowardsLoanNo00234567,682990.4,0.0,1.177179e+07,0
16-04-2024,FundsTransfertoXX8765/CC001002010123456/MOBTXN,5140.86,245553.69,6.005344e+06,1
24-10-2024,PCA:5001234567:PAYTMWAL9876543:PTM(PAYTM),35493.28,10.99,1.829674e+07,0
13-08-2024,CRYPTOEXCHANGECOINBASE,82.82,102670.41,1.7107942e+07,0
18-02-2024,NETTXN:PAYBILL123456,79629.93,17.54,1.7543488e+07,0
14-02-2023,IMPS/NA/XXX5678/RRN:123456789012/MOBTXN,688226.94,0.0,5.0543135e+06,1
04-02-2024,PCA:5001234567:765432109876543:ZOMATO,123394.86,4.09,1.3906633e+07,0
21-09-2024,PCA:5001234567:1234567891234:LOCALSHOP,0.0,487138.12,3.3968232e+06,1
10-04-2023,NETTXN:TICKETBOOKINGINDIGO,0.01,514532.7,4.6807265e+06,1
25-03-2023,NETTXN:farfetch,847612.0,6.96,4.240679e+06,1
13-03-2023,NETTXN:TICKETBOOKINGINDIGO,839.21,457715.88,5.8015475e+06,1
16-03-2023,NETTXN:Aug21Sal234TANGOEINDIA,2619.49,10076.53,1.3639825e+07,0
17-02-2023,NETTXN:CASHDEPOSIT,129.28,177118.81,1.6161164e+07,0
05-05-2024,NETTXN:TICKETBOOKINGYATRA,746539.06,1.08,9.059255e+06,0
14-03-2023,REVOFNETTXN:1234567890,776021.8,0.08,3.3949368e+06,1
24-03-2023,NETTXN:farfetch,92922.77,14398.5,5.1360535e+06,1
21-06-2024,PCA:5001234567:123456789012345:AMAZON,1029.78,11259.83,1.8134924e+07,0
01-09-2023,REVOFNETTXN:1234567890,246431.4,6.75,1.0864146e+07,0
16-02-2023,NETTXN:TICKETBOOKINGAIRINDIA,0.17,613492.44,5.6873765e+06,1
08-03-2023,CRYPTOEXCHANGEWAZIRX,383846.75,0.0,1.5153274e+07,0
25-03-2023,IMPS/NA/XXX5678/RRN:876543210987/MOBTXN,0.06,645212.8,6.053092e+06,1
09-04-2024,NETTXN:AJIOLUXE,543050.6,0.0,1.7192436e+07,0
08-03-2023,NETTXN:TICKETBOOKINGAIRINDIA,114.83,192044.69,1.7479968e+07,0
02-04-2023,FundsTransfertoXX8765/CC001002010123456/MOBTXN,1.66,643083.7,5.9180735e+06,1
03-09-2024,CRYPTOEXCHANGECOINBASE,671192.3,0.0,4.1884408e+06,1
01-02-2024,PCA:5001234567:PAYTMWAL9876543:PTM(PAYTM),439731.9,310.91,1.2211154e+07,0
23-04-2024,NETTXN:AMAZON,658610.4,0.0,3.0409192e+06,1
13-02-2023,NETTXN:TICKETBOOKINGAIRINDIA,0.07,585783.0,5.1826605e+06,1
27-03-2023,NETTXN:AMAZON,495696.47,3596.68,6.888131e+06,1
16-03-2023,NETTXN:TICKETBOOKINGYATRA,571426.5,2758.49,6.5500885e+06,1
03-09-2024,PCA:5001234567:1234567891234:LOCALSHOP,719116.2,325.04,7.5346575e+06,1
05-03-2024,IMPS/RAHULKUMAR/XXX5678/RRN:123456789012,3495.98,133821.05,5.1470395e+06,1
30-07-2023,NETTXN:AJIOLUXE,741170.75,0.09,4.1243398e+06,1
11-03-2023,CRYPTOEXCHANGECOINBASE,0.0,418232.38,3.0458032e+06,1
18-11-2023,IMPS/NA/XXX5678/RRN:876543210987/MOBTXN,527993.5,0.0,1.23344e+07,0
21-08-2024,NETTXN:TICKETBOOKINGINDIGO,782426.0,115.75,6.4272275e+06,1
05-04-2023,NETTXN:TICKETBOOKINGAIRINDIA,767447.6,0.02,3.4488008e+06,1
16-03-2023,NETTXN:CASHDEPOSIT,9044.57,310.55,1.739923e+07,0
24-03-2023,PCA:5001234567:675849302948301:MUTUALFUNDS,167159.62,0.24,1.6586831e+07,0
16-02-2023,CRYPTOEXCHANGEWAZIRX,780000.4,0.65,5.2269605e+06,1
05-09-2023,NETTXN:AJIOLUXE,0.18,728174.3,9.821638e+06,0
15-05-2023,REVOFNETTXN:1234567890,4162.64,24655.26,1.6403067e+07,0
12-10-2023,NETTXN:Aug21Sal234TANGOEINDIA,747426.5,2197.04,7.4499285e+06,1
28-02-2023,NETTXN:TICKETBOOKINGYATRA,3.33,617894.3,5.9236085e+06,1
07-01-2024,IMPS/RAHULKUMAR/XXX5679/RRN:123456789012,219919.23,15170.22,7.1173765e+06,1
26-09-2024,CRYPTOEXCHANGEWAZIRX,25.55,234667.14,1.786906e+07,0
06-01-2024,CRYPTOEXCHANGEWAZIRX,1546.13,349183.03,1.5023451e+07,0
17-03-2023,EMItowardsLoanNo00234567,86171.8,25.3,1.6785526e+07,0
16-04-2023,NETTXN:TICKETBOOKINGAIRINDIA,162393.97,5.33,1.6311331e+07,0
28-07-2023,NETTXN:TICKETBOOKINGYATRA,227471.16,6.39,1.4350941e+07,0
17-02-2023,NETTXN:DARVEYS,611488.6,0.24,7.038517e+06,0
28-09-2023,IMPS/RAHULKUMAR/XXX5678/RRN:123456789012,0.06,585622.7,1.4238084e+07,0
18-10-2024,CRYPTOEXCHANGECOINBASE,22876.84,109812.59,5.626407e+06,1
11-12-2023,PCA:5001234567:765432109876543:ZOMATO,0.0,479417.75,4.310991e+06,1
13-09-2023,PCA:5001234567:675849302948301:MUTUALFUNDS,22200.84,177019.4,7.705986e+06,1
13-03-2023,NETTXN:CASHDEPOSIT,1.91,724022.94,1.1062026e+07,0
16-02-2023,PCA:5001234567:PAYTMWAL9876543:PTM(PAYTM),373335.3,3.97,1.5378467e+07,0
23-07-2023,NETTXN:DARVEYS,241916.16,0.1,1.6934076e+07,0
24-10-2024,CRYPTOEXCHANGEWAZIRX,50.77,619835.75,6.0425445e+06,1
01-10-2024,NETTXN:PAYBILL432109,45381.53,198.01,1.7306338e+07,0
05-07-2024,CRYPTOEXCHANGEWAZIRX,694843.25,0.02,1.3192614e+07,0
04-04-2023,CRYPTOEXCHANGEBINANCE,176758.23,0.03,1.365319e+07,0
02-03-2023,NETTXN:DARVEYS,42247.86,57.46,1.7042458e+07,0
06-03-2023,NETTXN:AMAZON,47259.38,421.17,1.3675149e+07,0
07-12-2024,CRYPTOEXCHANGEWAZIRX,9398.51,9025.64,1.3860948e+07,0
14-02-2023,PCA:5001234567:675849302948301:MUTUALFUNDS,41868.58,8094.9,1.2703919e+07,0
21-06-2023,NETTXN:AMAZON,0.25,536172.0,4.560142e+06,1
25-03-2023,NETTXN:Aug21Sal234TANGOEINDIA,128.6,415294.7,1.1808248e+07,0
25-03-2023,NETTXN:TICKETBOOKINGYATRA,147.92,592958.1,6.0598885e+06,1
09-12-2023,NETTXN:TICKETBOOKINGMAKEMYTRIP,8530.28,44489.45,1.5504856e+07,0
15-11-2023,NETTXN:TICKETBOOKINGAIRINDIA,41238.57,41.68,1.6740669e+07,0
03-07-2024,NETTXN:AMAZON,711858.56,0.26,1.0372226e+07,0
15-07-2023,PCA:5001234567:PAYTMWAL9876543:PTM(PAYTM),121683.02,106.43,1.5843652e+07,0
15-05-2023,PCA:5001234567:123456789012345:AMAZON,102405.88,0.65,1.6522915e+07,0
01-06-2023,NETTXN:PAYBILL123456,744086.2,0.0,3.4882345e+06,1
17-03-2023,PCA:5001234567:PAYTMWAL9876543:PTM(PAYTM),673920.4,0.0,4.5822045e+06,1
06-04-2023,NETTXN:TICKETBOOKINGYATRA,12.11,666931.2,6.122131e+06,1
29-12-2024,NETTXN:EBAY,1479.97,618120.25,7.3691125e+06,1
24-02-2023,NETTXN:farfetch,754132.2,974.29,6.796758e+06,1
10-05-2024,NETTXN:PAYBILL987654,667718.44,0.0,3.659725e+06,1
25-09-2023,NETTXN:TICKETBOOKINGYATRA,1749.44,658699.2,7.2585045e+06,1
04-08-2023,PCA:5001234567:1234567891234:LOCALSHOP,16.25,602007.25,6.2059655e+06,1
01-03-2023,IMPS/NA/XXX5678/RRN:987654321098/MOBTXN,5168.58,545.12,1.782921e+07,0
02-07-2024,REVOFNETTXN:1234567890,568867.5,90.72,9.440635e+06,0
14-03-2023,REFUNDOF:ZOMATO,809801.6,81.12,4.4180655e+06,1
12-02-2023,PCA:5001234567:1234567891234:LOCALSHOP,11430.4,207613.27,1.1427808e+07,0
10-03-2023,CRYPTOEXCHANGECOINBASE,29.64,537306.25,1.4762854e+07,0
28-03-2023,PCA:5001234567:098765432109876:FLIPKART,726450.4,0.0,5.1312845e+06,1
24-10-2024,NETTXN:TICKETBOOKINGAIRINDIA,596743.56,3340.58,7.1609105e+06,1
28-12-2024,PCA:5001234567:345123987012345:DOMINOS,268908.38,6.45,1.1651781e+07,0
11-08-2024,PCA:5001234567:765432109876543:ZOMATO,57491.03,12389.27,1.4005068e+07,0
04-04-2023,IMPS/NA/XXX5678/RRN:876543210987/MOBTXN,0.0,402389.3,3.6239522e+06,1
05-04-2023,PCA:5001234567:123456789012345:AMAZON,71.29,807006.2,1.2700646e+07,0
16-02-2023,NETTXN:TICKETBOOKINGYATRA,788715.5,0.25,9.611471e+06,0
20-02-2023,CRYPTOEXCHANGECOINBASE,0.0,534366.9,3.8987002e+06,1
04-11-2024,PCA:5001234567:1234567891234:LOCALSHOP,0.01,575676.9,4.4678735e+06,1
20-02-2023,IMPS/NA/XXX5678/RRN:987654321098/MOBTXN,18355.71,0.1,1.911298e+07,0
05-03-2023,NETTXN:TICKETBOOKINGINDIGO,16.44,237775.69,3.661934e+06,1
06-11-2024,NETTXN:AMAZON,1188.66,90082.62,1.6218269e+07,0
16-03-2023,NETTXN:EBAY,2402.87,63037.78,1.4637989e+07,0
30-08-2024,IMPS/NA/XXX5678,0.0,537344.3,4.045731e+06,1
02-04-2023,NETTXN:TICKETBOOKINGMAKEMYTRIP,659425.7,0.01,9.539637e+06,0
18-03-2023,CRYPTOEXCHANGECOINBASE,454969.1,0.09,1.2954996e+07,0
08-05-2024,NETTXN:tatacliq,563928.3,76.57,1.0218787e+07,0
08-02-2023,IMPS/NA/XXX5678,194476.84,0.04,1.6699875e+07,0
24-04-2024,NETTXN:EBAY,58.5,698982.4,9.455646e+06,0
11-05-2024,NETTXN:TICKETBOOKINGINDIGO,133413.88,0.05,1.7176702e+07,0
31-03-2023,EMItowardsLoanNo00234567,801320.06,15.07,5.5529905e+06,1
04-01-2024,IMPS/NA/XXX5678/RRN:123456789012/MOBTXN,134.67,366517.38,1.3640332e+07,0
04-07-2023,CRYPTOEXCHANGEBINANCE,30709.95,23966.71,1.4427543e+07,0
14-04-2023,CRYPTOEXCHANGEWAZIRX,0.34,735984.5,6.302647e+06,1
14-11-2024,NETTXN:TICKETBOOKINGYATRA,524297.94,0.11,1.4294509e+07,0
20-03-2023,PCA:5001234567:098765432109876:FLIPKART,0.17,560801.44,5.466638e+06,1
25-02-2023,NETTXN:AMAZON,8.73,692624.2,1.5094345e+07,0
11-03-2023,PCA:5001234567:PAYTMWAL9876543:PTM(PAYTM),3.43,700130.2,9.727549e+06,0
